F0semitoneFrom27.5Hz_sma3nz_amean,F0semitoneFrom27.5Hz_sma3nz_stddevNorm,F0semitoneFrom27.5Hz_sma3nz_percentile20.0,F0semitoneFrom27.5Hz_sma3nz_percentile50.0,F0semitoneFrom27.5Hz_sma3nz_percentile80.0,F0semitoneFrom27.5Hz_sma3nz_pctlrange0-2,F0semitoneFrom27.5Hz_sma3nz_meanRisingSlope,F0semitoneFrom27.5Hz_sma3nz_stddevRisingSlope,F0semitoneFrom27.5Hz_sma3nz_meanFallingSlope,F0semitoneFrom27.5Hz_sma3nz_stddevFallingSlope,loudness_sma3_amean,loudness_sma3_stddevNorm,loudness_sma3_percentile20.0,loudness_sma3_percentile50.0,loudness_sma3_percentile80.0,loudness_sma3_pctlrange0-2,loudness_sma3_meanRisingSlope,loudness_sma3_stddevRisingSlope,loudness_sma3_meanFallingSlope,loudness_sma3_stddevFallingSlope,spectralFlux_sma3_amean,spectralFlux_sma3_stddevNorm,mfcc1_sma3_amean,mfcc1_sma3_stddevNorm,mfcc2_sma3_amean,mfcc2_sma3_stddevNorm,mfcc3_sma3_amean,mfcc3_sma3_stddevNorm,mfcc4_sma3_amean,mfcc4_sma3_stddevNorm,jitterLocal_sma3nz_amean,jitterLocal_sma3nz_stddevNorm,shimmerLocaldB_sma3nz_amean,shimmerLocaldB_sma3nz_stddevNorm,HNRdBACF_sma3nz_amean,HNRdBACF_sma3nz_stddevNorm,logRelF0-H1-H2_sma3nz_amean,logRelF0-H1-H2_sma3nz_stddevNorm,logRelF0-H1-A3_sma3nz_amean,logRelF0-H1-A3_sma3nz_stddevNorm,F1frequency_sma3nz_amean,F1frequency_sma3nz_stddevNorm,F1bandwidth_sma3nz_amean,F1bandwidth_sma3nz_stddevNorm,F1amplitudeLogRelF0_sma3nz_amean,F1amplitudeLogRelF0_sma3nz_stddevNorm,F2frequency_sma3nz_amean,F2frequency_sma3nz_stddevNorm,F2bandwidth_sma3nz_amean,F2bandwidth_sma3nz_stddevNorm,F2amplitudeLogRelF0_sma3nz_amean,F2amplitudeLogRelF0_sma3nz_stddevNorm,F3frequency_sma3nz_amean,F3frequency_sma3nz_stddevNorm,F3bandwidth_sma3nz_amean,F3bandwidth_sma3nz_stddevNorm,F3amplitudeLogRelF0_sma3nz_amean,F3amplitudeLogRelF0_sma3nz_stddevNorm,alphaRatioV_sma3nz_amean,alphaRatioV_sma3nz_stddevNorm,hammarbergIndexV_sma3nz_amean,hammarbergIndexV_sma3nz_stddevNorm,slopeV0-500_sma3nz_amean,slopeV0-500_sma3nz_stddevNorm,slopeV500-1500_sma3nz_amean,slopeV500-1500_sma3nz_stddevNorm,spectralFluxV_sma3nz_amean,spectralFluxV_sma3nz_stddevNorm,mfcc1V_sma3nz_amean,mfcc1V_sma3nz_stddevNorm,mfcc2V_sma3nz_amean,mfcc2V_sma3nz_stddevNorm,mfcc3V_sma3nz_amean,mfcc3V_sma3nz_stddevNorm,mfcc4V_sma3nz_amean,mfcc4V_sma3nz_stddevNorm,alphaRatioUV_sma3nz_amean,hammarbergIndexUV_sma3nz_amean,slopeUV0-500_sma3nz_amean,slopeUV500-1500_sma3nz_amean,spectralFluxUV_sma3nz_amean,loudnessPeaksPerSec,VoicedSegmentsPerSec,MeanVoicedSegmentLengthSec,StddevVoicedSegmentLengthSec,MeanUnvoicedSegmentLength,StddevUnvoicedSegmentLength,equivalentSoundLevel_dBp,participant,session,clip_id,speaker,engagement_start_time,engagement_end_time,speaker_start_time,speaker_end_time,num_segments,speech_duration,label
40.86932,0.05574811,38.064297,41.501396,43.05273,4.988434,76.83251,88.20533,59.99711,59.34911,0.26960948,1.0339653,0.0066976543,0.18102366,0.43304384,0.42634618,6.8068976,4.868835,5.091489,3.1502752,0.09928315,1.483509,15.401334,0.7272125,8.341705,1.1590015,0.36083812,30.096863,-27.831078,-0.7798283,0.019471712,1.3264638,0.94660294,0.9855492,12.023335,0.28634828,7.8930373,1.7662789,24.21273,0.37002108,808.5682,0.12798025,1247.0127,0.13071029,-96.34978,-0.9730501,1915.6238,0.07189815,993.99097,0.19290788,-104.80045,-0.7843497,2938.0977,0.031834494,672.4784,0.21929853,-105.01041,-0.7790295,-18.464287,-0.33654976,26.60137,0.23586224,0.06322896,0.26777104,-0.030766014,-0.29778647,0.16722092,1.0157597,23.212553,0.24967036,3.928466,2.3279788,-3.671871,-3.121562,-43.790066,-0.3092901,-9.11354,17.080614,0.028350547,0.013464537,0.027068166,4.0,2.542373,0.21,0.086023256,0.22999999,0.13,-28.234426,18,9,0,SPEAKER_01,0.0,31.366667,0.03096875,2.30909375,2,1.2656250000000002,engaged
36.167034,0.0782247,34.790833,36.053783,38.052307,3.2614746,213.71985,174.97868,123.59592,313.1581,0.32788077,0.7247228,0.09776348,0.30384624,0.53120434,0.43344086,5.739508,3.1981962,3.5353963,1.8193668,0.15612319,0.94949883,26.42762,0.686277,15.889863,0.83014166,-3.407658,-4.0320816,-10.017645,-1.7132837,0.021398613,2.0152824,1.1442692,0.9153104,9.717185,0.3636724,10.5067625,1.0940908,38.95584,0.29031524,750.52356,0.23111925,1382.2667,0.15162677,-79.4217,-1.0862876,1871.2899,0.120067105,1182.6584,0.25822684,-89.60005,-0.8365602,2996.074,0.07907227,1057.6267,0.27182144,-94.04745,-0.76094776,-23.804155,-0.42029,35.937717,0.26820606,0.076103166,0.24209395,-0.024024926,-0.6307044,0.20705014,0.6810416,34.828857,0.29627734,16.365963,0.8204711,-3.030685,-4.767223,-17.677794,-0.77976835,-9.897368,19.112926,0.046595503,0.009193579,0.055304907,3.320562,2.6282053,0.24439023,0.17265572,0.13027777,0.11593786,-26.118483,18,9,0,SPEAKER_00,0.0,31.366667,11.18534375,31.366667,6,15.675698250000003,engaged
33.782845,0.11135745,34.108215,34.61969,35.75321,1.6449928,28.351358,0.0,-46.286053,0.0,0.30995965,0.59297496,0.14800462,0.24491216,0.4719583,0.3239537,3.2442832,1.5607004,4.2071166,1.925864,0.15657845,0.81527656,28.164465,0.5159104,14.626109,0.8373684,-6.2819858,-2.9522846,-9.524604,-1.5950382,0.018693108,0.9298315,1.2542634,0.6226901,8.006894,0.4320728,8.862542,1.575205,41.29949,0.2407012,721.6887,0.28748494,1488.1268,0.15261482,-96.572296,-0.9369472,1837.3429,0.13383238,1298.1243,0.26735622,-103.09159,-0.78258616,3005.8406,0.08787193,1200.989,0.2543245,-107.98873,-0.70831347,-22.250471,-0.33315533,35.643387,0.19130218,0.081301935,0.1540288,-0.022923812,-0.57587683,0.2017737,0.5972618,35.71389,0.14589143,14.056671,0.831176,-8.701571,-1.7645166,-14.506325,-0.99525523,-15.85199,24.507717,0.073519334,-0.018060826,0.11429944,5.035971,4.477612,0.114999995,0.07041543,0.103999995,0.067705244,-27.603685,18,9,1,SPEAKER_00,31.4,32.8,31.4,32.8,1,1.3999999999999986,disengaged
37.255074,0.08309652,35.065292,36.670578,39.52339,4.4580994,230.3299,371.67612,44.367645,64.74444,0.33401385,0.72234946,0.10506902,0.30904463,0.53139937,0.42633036,5.585023,3.0613828,3.6363897,2.0659785,0.15437078,0.910713,25.570599,0.70564616,11.742564,1.1642458,-5.4928794,-2.9086428,-14.7940035,-1.2706766,0.021770643,1.637724,1.1149613,0.83619004,9.579927,0.38670605,9.74522,1.1752071,36.269238,0.29244256,747.8673,0.23490185,1384.7898,0.1658085,-80.66504,-1.0723335,1853.792,0.13286404,1168.1715,0.25036836,-88.28342,-0.8582437,2967.9128,0.08408579,1027.3771,0.3477522,-92.80497,-0.77776486,-21.312834,-0.49928728,34.51835,0.28209728,0.0735693,0.23778604,-0.025721079,-0.65423524,0.20450571,0.6774826,33.57948,0.29494596,11.775297,1.1746478,-6.227647,-2.6947887,-21.835003,-0.73929167,-8.749175,18.381256,0.042756893,0.0033887906,0.05483873,3.5005836,2.7680311,0.23183097,0.21966884,0.12387096,0.12028668,-27.53788,18,9,2,SPEAKER_00,32.833333,90.533333,32.833333,90.533333,14,25.721875000000026,engaged
42.015537,0.07657721,39.8472,41.736267,44.425297,4.5780983,87.624825,114.16296,143.7124,250.41595,0.3446698,0.9452592,0.061112672,0.23990373,0.5829265,0.52181387,4.838059,4.0031424,1.9134417,1.5491803,0.12384625,1.4766926,12.277205,1.4836799,5.942378,1.6064292,-7.791272,-2.2240746,-29.660938,-0.8182457,0.017072553,1.5472714,0.83182675,1.2331774,12.298335,0.3393255,12.408999,1.3684971,31.683493,0.6073572,814.2602,0.15822461,1260.6722,0.19360703,-103.24558,-0.91921186,1924.2098,0.108739465,1119.1594,0.33669752,-111.27122,-0.7322793,2963.3599,0.06342948,770.1738,0.43072534,-111.233925,-0.7317248,-20.62298,-0.39589462,30.979624,0.27838522,0.07004614,0.3545181,-0.033650473,-0.48909208,0.20360087,0.9715733,23.864344,0.4212509,6.1098614,1.6361108,-14.868416,-1.2334714,-45.69548,-0.3562405,-3.3511944,11.350024,0.036336992,-0.00057912583,0.02397571,2.1761658,1.8789145,0.2738889,0.20254323,0.23833333,0.18282506,-25.101954,18,9,2,SPEAKER_01,32.833333,90.533333,42.353468750000005,90.04221875,9,9.669374999999988,engaged
39.517117,0.11189049,38.249695,39.76028,43.28847,5.0387764,84.68835,72.487755,14.541751,6.856657,0.55511963,0.8772474,0.1444024,0.4155407,0.9009636,0.7565612,7.731621,3.2736638,9.180352,8.338485,0.2815595,1.3891579,20.379992,1.0465784,4.22381,3.319117,-19.722792,-0.87014925,-20.506943,-0.9380494,0.02248724,2.3068204,0.96124446,0.99445266,10.700618,0.4170729,3.4190233,2.7194169,33.47914,0.27967077,848.0091,0.21078238,1408.0441,0.27858174,-53.632263,-1.5086626,1844.8624,0.15184024,1277.8553,0.26358232,-63.689175,-1.1184282,2998.6917,0.094241194,1016.07513,0.40080237,-72.63202,-0.90322745,-14.398421,-0.7292741,33.161247,0.30555344,0.06678923,0.25198922,-0.021563703,-0.837274,0.35718998,1.1760523,28.847513,0.3681572,1.508008,9.001572,-23.987137,-0.7137749,-27.489124,-0.5725737,1.9680632,6.9334764,0.026428338,0.017340155,0.027393633,3.187251,2.0408163,0.372,0.27476534,0.114999995,0.05408327,-21.143406,18,9,3,SPEAKER_00,90.566667,94.833333,91.20659375,94.833333,4,2.529864250000003,disengaged
35.207596,0.027730986,34.141197,35.55419,36.035324,1.8941269,24.588705,22.45989,8.814166,5.5366673,0.26676947,0.832869,0.065740466,0.2228915,0.477382,0.41164154,5.0212617,1.2087014,3.2809193,0.8276458,0.10901724,0.97691673,19.679499,1.0555953,9.701188,1.7740718,-11.052749,-1.2410403,-4.4015546,-3.4217956,0.018873401,0.8029226,1.07241,0.49338448,7.818513,0.45206445,7.7541437,1.5717363,34.09104,0.39157215,798.2308,0.21157084,1296.8813,0.16680904,-102.9578,-0.8917884,1911.0984,0.122775346,1087.7622,0.2737591,-107.845985,-0.7709296,3028.0735,0.07287117,1165.2136,0.45563224,-112.931,-0.6903248,-15.238176,-0.8764217,32.068615,0.37122726,0.06767806,0.28197595,-0.013713315,-1.4145681,0.17625779,0.5760996,34.05133,0.25810996,6.3941603,2.8218985,-10.36766,-1.5106169,-12.422389,-1.1244797,-6.81133,15.900367,0.047734454,0.009677812,0.041374408,3.4013608,2.8169014,0.17999999,0.049497474,0.121999994,0.08975521,-30.786161,18,9,4,SPEAKER_00,94.866667,97.733333,94.866667,97.733333,2,1.4829159999999888,engaged
35.57785,0.08468558,34.728134,35.883854,37.60934,2.8812065,185.34544,121.55797,21.555586,14.973883,0.39468607,0.57293534,0.14905547,0.41091228,0.59662884,0.44757336,5.24,3.5640938,3.3566935,2.3521602,0.16126622,0.71914345,34.01364,0.41328967,12.301879,1.0526156,-4.0012755,-3.7263207,-16.137339,-1.0373669,0.018567197,2.069942,0.9271055,0.9002435,9.94781,0.34886447,10.803919,0.81450605,40.25132,0.2445613,720.51733,0.25839958,1426.235,0.15888998,-46.489155,-1.575468,1814.4674,0.14301106,1279.0299,0.25034273,-61.529552,-1.0049297,2934.1797,0.09353387,1095.8059,0.23347972,-67.46723,-0.87306994,-21.876099,-0.48664197,35.884235,0.2743538,0.08127034,0.20393161,-0.02554448,-0.63571376,0.18191004,0.58810604,37.926235,0.21982926,11.979225,1.1194748,-4.540895,-3.4871218,-20.579424,-0.68109,-14.015847,22.404243,0.0494572,0.002396048,0.076471806,3.537736,2.3923447,0.33299997,0.2141518,0.07333333,0.0454606,-26.596867,18,9,5,SPEAKER_00,97.766667,102.4,97.766667,102.34409375,2,4.256801749999994,disengaged
38.022568,0.090293065,35.76143,37.735863,39.635002,3.8735733,192.88242,344.3432,285.01575,558.7427,0.31002846,0.7428672,0.10022502,0.26514637,0.5071466,0.40692157,5.1749525,2.5649564,3.2547956,1.6840146,0.14013551,1.0256208,23.3073,0.79756355,13.59803,0.9312515,-3.7213755,-3.715419,-21.308178,-0.98442215,0.020604433,1.3497225,1.0934479,0.8887447,10.165262,0.37214628,10.879407,1.0410596,34.664654,0.32293415,775.9621,0.20454814,1332.6868,0.17094122,-83.40532,-1.0315038,1907.9302,0.12404606,1119.3916,0.28784454,-92.87056,-0.7996647,2966.1938,0.07713654,979.2483,0.3528735,-94.76791,-0.7687625,-22.186127,-0.41514486,33.717316,0.3211998,0.075783506,0.26787445,-0.028900828,-0.5943369,0.18333453,0.81751615,31.324572,0.36058578,14.032529,0.9151911,-3.241295,-4.3666224,-27.728186,-0.71157986,-9.031858,17.337555,0.0497421,-0.0012431218,0.06020655,3.420892,2.9411764,0.21312499,0.18510307,0.11288889,0.09625481,-27.374043,18,9,6,SPEAKER_00,102.433333,125.433333,102.64784375,125.433333,7,16.389864249999988,engaged
36.855064,0.12193889,35.131104,36.436718,37.683445,2.5523415,186.11092,160.44894,64.50427,64.71867,0.33094096,0.79658157,0.06549274,0.30245045,0.5753246,0.50983185,4.62267,2.4019313,3.6777794,1.276376,0.17121258,0.84751165,25.872684,0.7211446,14.4462185,0.90659434,-0.90001523,-18.117346,-13.5957985,-1.1418815,0.025741894,2.298723,1.3654007,0.7896438,8.633719,0.5550623,6.8374867,1.7488128,34.729824,0.37316534,785.9503,0.20940386,1346.7805,0.17833546,-76.93399,-1.1117607,1876.8075,0.1332018,1163.8379,0.2937031,-84.35999,-0.8995096,2989.1035,0.062892206,938.4305,0.2881566,-88.423355,-0.81900615,-21.355072,-0.65278846,34.398304,0.37114772,0.07750703,0.22773601,-0.02268485,-0.76149637,0.23675148,0.5724838,31.699986,0.49658763,14.140915,1.002133,-2.954445,-6.40026,-20.508324,-0.60716873,-13.789979,23.225964,0.049691092,0.013563039,0.046254624,3.930131,2.690583,0.24666665,0.28317642,0.128,0.13287589,-25.89754,18,9,7,SPEAKER_00,125.466667,128.666667,125.466667,128.666667,3,2.305624999999992,disengaged
36.59869,0.111505784,34.606182,36.18076,38.73652,4.1303368,338.09378,454.695,53.00478,64.09775,0.36591616,0.77511674,0.10786573,0.32114115,0.5876894,0.47982368,6.2631903,3.65912,4.2648816,2.4884508,0.17506738,1.1006008,27.180916,0.64353424,10.836025,1.3053226,-6.1293693,-2.6353548,-14.91665,-1.2251099,0.02556704,2.1327896,1.2051134,0.81905234,8.925916,0.42914447,9.267713,1.4300257,35.718998,0.37726617,746.37006,0.24999264,1376.8442,0.16973929,-71.14849,-1.1913929,1844.1469,0.13883646,1173.1387,0.2555081,-79.746895,-0.92851055,2960.536,0.08517078,1041.738,0.28967452,-85.0108,-0.82716686,-20.05551,-0.55429363,33.682617,0.31876972,0.07501677,0.23936956,-0.021975761,-0.80476743,0.2231498,0.91647816,33.06447,0.3558111,10.322966,1.4063132,-7.364955,-2.2987025,-20.22671,-0.83785313,-10.604598,20.29872,0.05301127,0.0025324642,0.06071153,3.0650496,3.0684328,0.21971223,0.17488305,0.09848739,0.09006662,-25.612068,18,9,8,SPEAKER_00,128.7,209.3,128.7,209.3,19,45.36499999999984,engaged
42.219646,0.085981384,38.51639,42.513897,45.27923,6.7628365,25.885336,5.372804,25.844618,19.253487,0.5079309,0.72401965,0.16157486,0.44457027,0.89787996,0.7363051,4.127045,4.5237255,2.2404275,0.8050091,0.13088869,1.0355604,21.573853,0.67834073,10.452088,0.99591017,-8.864348,-1.7717034,-40.608994,-0.4831109,0.008298027,1.358632,0.51628655,1.0165983,14.344259,0.22893324,17.134773,0.534087,33.83873,0.3365524,796.76746,0.17994004,1257.0537,0.18651141,-43.295364,-1.582047,1952.7781,0.122737736,1085.8593,0.30356485,-61.349422,-0.91821426,2961.2595,0.057020083,876.7176,0.44876862,-60.946426,-0.9215503,-22.833126,-0.3310487,32.430824,0.25304958,0.07741209,0.32049483,-0.030649427,-0.50326884,0.14951816,0.9489694,25.165087,0.37362316,9.847136,1.0724757,-11.601128,-1.2495761,-45.645615,-0.33952206,-4.1860313,10.378255,0.046900276,-0.005236173,0.037999753,1.6901408,1.7191978,0.48499998,0.30109522,0.094,0.05919459,-22.342812,18,9,8,SPEAKER_01,128.7,209.3,187.96784375,191.52846875,1,3.560625000000016,engaged
33.089874,0.12574984,32.057377,34.10224,35.9665,3.9091225,261.93338,248.0106,317.2971,249.91945,0.28358907,0.8755491,0.06901407,0.20363885,0.5254303,0.45641625,4.93489,1.6139904,2.0251431,0.39765808,0.11366119,1.0456017,21.274254,1.1078837,12.405033,1.0440174,-12.506615,-0.92643005,-4.998611,-3.7397668,0.059021473,1.8052216,1.26529,0.7130569,7.654059,0.5683369,2.8387308,3.2915907,39.045937,0.3024394,738.36304,0.2180271,1470.5105,0.16702126,-109.28872,-0.8616308,1815.8228,0.12991083,1258.7219,0.24022108,-115.743576,-0.72122985,2981.3174,0.09369938,1058.4941,0.21188912,-120.81451,-0.6476905,-19.392653,-0.42670083,34.516285,0.320945,0.07756188,0.18077374,-0.023975404,-0.40949723,0.18821998,0.659982,35.292973,0.32995504,12.408257,0.8561418,-13.372384,-0.9467465,-17.500774,-0.9040361,-8.005244,15.754884,0.048889503,0.00018698719,0.05530062,2.542373,2.6548672,0.16333334,0.111455016,0.108,0.10796296,-28.26142,18,9,9,SPEAKER_00,209.333333,211.666667,209.333333,211.01909375,2,1.196385749999962,disengaged
36.93874,0.13267796,35.14655,36.144615,38.791744,3.645195,652.4464,1310.3809,56.42409,105.907555,0.28967136,0.6808136,0.1017158,0.25911996,0.45714343,0.35542762,4.6428647,2.4323838,3.8709188,2.4127839,0.12253549,0.9092425,26.441006,0.75706303,14.229208,0.8819057,-3.8690264,-3.7896242,-11.905938,-1.4342785,0.022814276,2.1997638,1.1153083,0.8744862,9.798331,0.43859446,11.080824,1.2835889,38.26831,0.34783426,726.63354,0.25111735,1395.1556,0.16151758,-67.27956,-1.2201035,1830.3197,0.12657614,1190.0941,0.25402963,-78.93618,-0.88375455,2971.4944,0.08651415,1038.7169,0.27439657,-83.85874,-0.7899666,-22.919868,-0.44890204,36.076115,0.30657032,0.07440521,0.24962851,-0.020714551,-0.7054118,0.15164158,0.73019004,34.014862,0.35043082,14.3621645,0.88937837,-4.319697,-3.626063,-17.356731,-0.8892123,-6.701352,14.565515,0.05193218,0.0047739362,0.0417509,3.8043478,2.574103,0.2742424,0.25839868,0.092424236,0.11502385,-28.717964,18,9,10,SPEAKER_00,211.7,238.433333,211.7,238.433333,6,12.895832999999982,engaged
36.74945,0.067327514,35.096504,36.743706,39.181343,4.084839,330.1536,389.05887,18.453592,6.7990317,0.22734591,0.82176435,0.011866388,0.20636736,0.40714687,0.39528048,7.2782974,2.1750822,3.7417698,2.0369313,0.13672845,0.94911236,29.107656,0.5320153,14.565771,0.5435177,0.42268404,27.779545,-8.933767,-1.6922666,0.017281774,0.9483056,1.3177389,0.7537364,9.059169,0.27008143,13.6735735,0.83691084,41.45648,0.22195299,703.21936,0.26538795,1463.249,0.15936975,-111.86015,-0.79334867,1787.9421,0.14720662,1182.876,0.19849469,-109.80266,-0.7300746,2952.725,0.0833017,1076.6129,0.269235,-114.36424,-0.6646981,-26.047441,-0.34853265,39.181213,0.18744858,0.083610624,0.20246874,-0.024758585,-0.6972854,0.19928814,0.57028496,38.020317,0.18947501,15.751647,0.5572149,-1.8848444,-7.963155,-19.681988,-0.5070786,-14.9481735,24.315132,0.0527005,0.00376254,0.055572078,3.1007752,2.419355,0.21666665,0.061282586,0.17666666,0.14522015,-29.320827,18,9,11,SPEAKER_00,238.466667,239.766667,238.466667,239.766667,1,1.3000000000000114,disengaged
36.38034,0.09115478,34.79493,35.712208,37.665733,2.8708038,579.09973,890.28754,41.243793,34.64104,0.33742297,0.7041169,0.12026701,0.32248878,0.5368361,0.41656908,5.66373,2.8877478,4.196099,1.7485572,0.14467773,0.915563,22.95614,0.9928358,10.832404,1.2017586,-8.389584,-1.6880618,-12.343752,-1.3283019,0.020109657,1.1157839,1.194398,0.78313535,8.422686,0.4547552,10.552101,0.8710093,37.57436,0.27186728,713.5292,0.26333174,1374.3832,0.18859957,-78.56258,-1.125955,1807.2462,0.15104535,1130.4316,0.23372045,-84.07967,-0.90945107,2955.4443,0.0931342,1048.1964,0.23307829,-89.47334,-0.810994,-17.84467,-0.60537255,32.37958,0.35758898,0.082920134,0.24678452,-0.021031,-0.89108,0.19344792,0.6595803,33.011105,0.42102322,11.501852,1.1638758,-8.499097,-1.8043579,-18.073784,-0.87068284,-3.4077272,11.437126,0.046404403,0.0066771894,0.05347555,3.6789298,3.0612247,0.2111111,0.21661252,0.106249996,0.11831499,-28.348532,18,9,12,SPEAKER_00,239.8,243.966667,239.8,243.966667,3,3.002291999999983,engaged
36.314568,0.10146919,34.76669,36.554142,37.90119,3.1345024,516.7243,884.62054,45.937534,49.665604,0.33722848,0.7206267,0.10823729,0.27813098,0.5456339,0.43739662,5.366274,3.0315924,4.074922,1.7814411,0.16377737,0.83331895,27.000708,0.6733738,12.123079,1.1086136,-8.405115,-1.8529844,-11.855468,-1.2944593,0.025216335,2.0565534,1.2056184,0.6636254,8.9036665,0.3774732,8.222529,1.4209365,36.887646,0.29996789,752.79236,0.23485361,1409.2805,0.15982085,-74.5276,-1.1102867,1840.9128,0.13222095,1219.1053,0.33541936,-81.711205,-0.8954091,2981.0337,0.08162836,1109.1659,0.3393109,-88.26972,-0.77493316,-20.012716,-0.51814556,34.625145,0.30217582,0.07889139,0.22571492,-0.02248165,-0.6918569,0.21362032,0.6178553,33.766132,0.31150752,12.012734,1.1369213,-8.712986,-1.8440259,-18.529203,-0.6432021,-11.263248,21.506945,0.05772405,0.003788939,0.056879617,4.6280994,3.8397331,0.17217392,0.13220395,0.077,0.08567963,-27.673279,18,9,13,SPEAKER_00,244.0,252.233333,244.0,250.50659375,2,6.067843750000009,disengaged
38.114166,0.10963913,35.333763,37.290897,40.707226,5.3734627,119.1142,156.55644,120.359024,195.6486,0.36511552,0.7818111,0.10942361,0.3089574,0.5957258,0.48630217,6.0119424,3.8573842,3.8201802,2.306145,0.16950387,1.0929881,22.943367,0.7992913,11.499739,1.1742465,-6.941761,-2.3729126,-20.582357,-1.091849,0.0250097,2.2522814,1.1391194,0.89084846,9.637048,0.42193744,9.828752,1.2184635,33.984127,0.3793123,770.53284,0.23363076,1340.5264,0.17386056,-77.79585,-1.1119869,1888.5449,0.13427497,1153.4805,0.2843694,-86.84111,-0.8632109,2964.4758,0.075543396,988.77496,0.35400793,-89.967705,-0.8059841,-20.149721,-0.5324691,33.468754,0.30763677,0.07622983,0.2533098,-0.025222564,-0.7186223,0.22136748,0.8501015,30.257982,0.38765886,11.760504,1.2055607,-8.160164,-2.121527,-27.311672,-0.7667498,-7.3382854,15.822214,0.051076908,0.0010288949,0.061343588,2.9422255,2.7490182,0.23636363,0.23915383,0.11705036,0.10348913,-26.213593,18,9,14,SPEAKER_00,252.266667,372.733333,259.41659375,372.733333,28,56.09361424999997,engaged
38.149914,0.20509231,32.16558,36.895557,44.85019,12.684608,191.4643,9.718733,79.26058,41.72261,0.21400641,1.1787914,0.01145187,0.10647981,0.3927534,0.38130152,5.238432,3.0822487,3.003584,2.176407,0.1207735,1.440341,11.400583,1.87659,8.697718,1.2220536,-10.558877,-1.5940498,-6.8426723,-3.4012635,0.045707062,2.808135,1.5068434,0.84697306,5.720152,0.6799144,6.8754735,1.6015751,34.96195,0.2757593,773.53436,0.24258545,1347.3313,0.155333,-140.1025,-0.6189938,1855.7406,0.12742667,1148.9402,0.1881172,-137.77011,-0.58358145,2968.5808,0.092647545,986.145,0.32472128,-140.66109,-0.5440084,-16.012325,-0.5109744,30.065184,0.29748031,0.08711038,0.23665677,-0.026563989,-0.73182565,0.27597,0.69197947,28.370173,0.40916514,3.040354,3.7841585,-18.85372,-0.9956233,-30.273216,-0.604485,-6.7871575,14.69111,0.034079388,0.01469574,0.026839506,2.6086957,2.6785715,0.125,0.07544313,0.22833334,0.29740074,-31.030077,18,9,15,SPEAKER_00,372.766667,375.333333,372.766667,375.333333,2,2.313540999999873,disengaged
35.35999,0.04386316,34.987587,35.739475,35.974823,0.987236,55.811302,32.91854,15.102707,14.933142,0.25108868,0.8413392,0.06294625,0.19856274,0.45418406,0.3912378,3.27827,2.5886188,1.3512913,1.4816308,0.08600738,1.0355822,17.249008,1.1966802,11.7981205,1.1488079,-6.081127,-2.6199603,-8.623364,-2.0736141,0.012337158,0.7781045,0.9166968,0.5706549,9.084184,0.35170773,7.5295324,1.2149554,37.628525,0.24369767,649.8729,0.3227085,1381.9102,0.1516893,-97.60812,-0.96159315,1751.8524,0.17064887,1167.8807,0.22332697,-100.991684,-0.8247479,2889.7292,0.08013923,967.71063,0.23019816,-106.385895,-0.73659974,-18.682287,-0.6320399,32.626698,0.27655622,0.07758037,0.18825196,-0.018846616,-1.0028024,0.13199867,0.6722713,30.08372,0.38923767,15.351559,0.9953287,-4.941305,-3.6590579,-20.45569,-0.67034453,-4.6057687,14.697187,0.044661663,0.020400755,0.02973574,2.3121388,1.7857144,0.31666666,0.122292906,0.22333333,0.11897712,-31.981472,18,9,16,SPEAKER_00,375.366667,377.9,375.366667,377.9,2,1.7402079999998818,engaged
34.066776,0.05251018,32.808872,33.287518,35.444935,2.6360626,251.08087,112.691124,7.6640873,8.711086,0.19831459,0.7102782,0.048230514,0.20047653,0.2874285,0.23919798,4.048553,2.4551158,0.7887316,0.49382836,0.06712795,1.3889496,16.75181,1.0526642,18.259928,0.75610006,13.237352,0.7049106,-7.4906287,-2.071356,0.0146049205,1.1202178,0.9921284,1.3352797,9.100342,0.26810998,8.621705,1.3527898,29.893127,0.27060592,680.0592,0.20258325,1311.5326,0.17733093,-92.86338,-0.9728109,1855.5919,0.07859868,993.7486,0.32427192,-100.33264,-0.79455477,2825.293,0.06532797,914.63556,0.2376079,-100.66345,-0.7865185,-19.738144,-0.53134775,25.615648,0.48404837,0.058971718,0.2467012,-0.027715577,-0.57071054,0.06631883,0.8820922,23.897318,0.64466137,20.206234,0.7764347,14.575351,0.71277004,-12.759985,-1.066602,-8.095316,14.867849,0.038104545,0.011441637,0.025098896,3.6697247,3.8834953,0.1425,0.0967923,0.13,0.08524474,-33.29723,18,9,17,SPEAKER_00,377.933333,379.033333,377.933333,379.033333,1,1.1000000000000227,disengaged
37.89018,0.07429179,36.399517,37.31382,40.15782,3.7583046,190.70712,126.3897,31.022385,27.435518,0.34214818,0.9297182,0.022197891,0.2794266,0.61282635,0.59062845,6.9160194,4.8749576,3.231026,1.1964791,0.15181805,1.0793977,19.58659,1.0240859,7.324037,1.8594033,-9.872208,-1.6109469,-9.958066,-1.9900632,0.025352731,3.2964764,1.0109559,0.90976393,9.584667,0.43347067,5.957926,2.1903627,33.577686,0.30583185,753.1701,0.27197567,1422.9998,0.1606261,-100.6068,-0.91198283,1798.788,0.15692958,1191.6957,0.20746379,-99.34446,-0.8446854,2962.4456,0.09685847,1040.2949,0.266935,-105.43441,-0.7443671,-17.163496,-0.6465456,34.310307,0.22393976,0.063620836,0.3205907,-0.020058947,-0.9083892,0.2423478,0.6570694,31.801458,0.2649359,5.199034,2.9180465,-13.228026,-1.4185319,-21.868166,-0.7014995,-4.0080547,13.314375,0.032759957,0.022452146,0.026462248,3.4666667,1.897019,0.29714283,0.2726439,0.24333334,0.28859812,-26.692114,18,9,19,SPEAKER_00,379.666667,387.466667,379.666667,387.466667,6,3.766875000000141,disengaged
39.178852,0.11650596,35.8661,38.331375,42.07006,6.2039604,271.95236,462.72806,159.52597,373.64468,0.3696583,0.93738323,0.081455596,0.28844404,0.6012124,0.5197568,5.6803284,4.089113,3.713787,2.9679275,0.17103228,1.5926173,18.21622,1.1210887,9.911333,1.4186113,-8.6224575,-1.9233229,-21.577112,-1.0390294,0.02298991,2.058198,1.0349089,0.9888146,10.202453,0.4218933,9.341502,1.2165571,33.85763,0.33275595,777.2588,0.21545404,1346.2947,0.18265428,-87.062614,-1.0376195,1865.0919,0.1307828,1157.8655,0.26558903,-93.96836,-0.8409738,2960.2437,0.074998334,949.26776,0.3545153,-96.99905,-0.7856105,-18.788548,-0.5767744,31.93472,0.3406497,0.07409158,0.29396755,-0.025266541,-0.688061,0.24041942,1.2874744,27.65622,0.48511037,9.75119,1.5420169,-11.148074,-1.5961242,-31.00655,-0.6251384,-4.9002795,13.546609,0.04493992,0.0061875153,0.053504758,2.3532,2.3563092,0.25766355,0.24158189,0.1555,0.13912855,-24.837711,18,9,20,SPEAKER_00,387.5,447.733333,387.5,447.733333,18,45.48458299999976,engaged
35.507126,0.08297755,33.006886,35.54059,36.91681,3.9099236,33.52489,26.023998,23.959223,12.629339,0.18441492,0.753949,0.06910818,0.15622182,0.27221245,0.20310426,3.2299483,1.0092875,2.5994616,1.2853627,0.05582224,0.91628844,24.775051,0.66356945,14.270107,0.7636584,0.15039538,114.94284,-9.619066,-1.4097797,0.014647989,1.0456201,1.1519794,0.791979,9.437467,0.32594156,8.833613,1.1960152,29.787235,0.37317744,757.0067,0.20317985,1414.7574,0.18014033,-63.70329,-1.2374547,1810.4602,0.13860412,1085.4727,0.3436345,-70.75367,-1.0137477,2883.0032,0.06891509,945.8546,0.40337184,-75.34054,-0.9164808,-18.90036,-0.4530974,30.342556,0.2913513,0.060714196,0.390917,-0.01590706,-1.0364767,0.0650317,0.8109477,29.227879,0.38221318,12.518733,0.8445927,0.3107836,58.160385,-13.535084,-0.8372225,-10.944819,19.915989,0.029309902,0.0018184638,0.03215402,3.7037036,3.0927837,0.2311111,0.10482201,0.082499996,0.057825167,-37.243122,18,9,20,SPEAKER_02,387.5,447.733333,428.03159375,442.49346875,3,2.9868749999999977,engaged
35.862675,0.08849283,34.378532,36.159584,38.183773,3.8052406,173.11395,112.12773,21.33758,6.4378266,0.29097408,0.76185226,0.07655764,0.2702809,0.4429989,0.36644125,4.5851917,2.245429,3.768728,2.001964,0.136426,0.8456536,26.508467,0.5132048,10.231173,1.1292977,-5.2364016,-2.7954292,-12.707924,-1.2513677,0.038987294,2.4070966,1.3347291,0.7238835,8.250813,0.4132256,5.327833,2.0556502,33.65302,0.30881009,764.43854,0.2193093,1328.5996,0.16662525,-85.57074,-1.0560707,1877.405,0.121014595,1118.0099,0.2749053,-91.81116,-0.86972255,2990.008,0.085514195,1025.9193,0.19238561,-95.90467,-0.79790497,-19.087193,-0.55662143,32.97555,0.27983347,0.0737529,0.23644514,-0.024411226,-0.7739156,0.17458913,0.61005086,32.8429,0.24347535,9.480833,1.3252646,-9.009672,-1.6843174,-18.495945,-0.7528083,-12.574718,21.587816,0.05735196,-0.0026593395,0.07887894,4.901961,3.0100334,0.19888888,0.15487948,0.11333333,0.14590713,-29.679922,18,9,21,SPEAKER_00,447.766667,451.833333,447.766667,451.833333,3,3.071040999999923,disengaged
35.825474,0.059017345,34.12765,35.760883,37.09736,2.9697075,170.48616,206.60919,44.049015,71.96207,0.29483852,0.7311197,0.087949194,0.269299,0.47247434,0.38452515,5.4908047,3.2650938,3.6000168,2.4374118,0.120188445,0.95258707,21.73488,1.0180446,11.240113,1.4207977,-7.971516,-2.04526,-10.750214,-1.3407531,0.025056958,1.1882051,1.2752002,0.92050797,8.653816,0.4457082,10.695424,1.1241193,38.44484,0.30492494,671.5197,0.2953461,1411.1333,0.15504278,-83.07293,-1.0924608,1751.1786,0.16950835,1224.3627,0.19036466,-89.5055,-0.88441384,2870.148,0.09909543,1093.0718,0.26764187,-95.99568,-0.76993304,-18.82164,-0.70340383,35.42462,0.317681,0.075083524,0.23922329,-0.013716849,-1.50794,0.16239329,0.70548797,33.379387,0.37334606,12.19505,1.2977841,-8.385933,-2.1582165,-15.9746475,-0.7369973,-3.1057801,13.143794,0.041896064,0.017825108,0.041551176,3.5087721,2.5,0.25,0.16578814,0.14999999,0.1325393,-29.54835,18,9,22,SPEAKER_00,451.866667,455.166667,451.866667,455.166667,2,2.861249999999984,engaged
36.96776,0.09530791,34.87915,36.039894,38.745247,3.8660965,64.0069,70.016106,56.638256,78.2313,0.36228678,0.62374955,0.13789745,0.3455185,0.56193656,0.42403913,5.060268,1.8704123,3.2198424,1.2251962,0.16781656,0.8069985,28.78604,0.5300587,11.713809,1.1715765,-6.2657733,-2.6064858,-16.424362,-1.0791374,0.023774637,1.4199071,1.0609392,0.7541891,8.915895,0.3922007,12.337098,0.87415105,38.464176,0.30280465,753.86005,0.23487715,1360.8003,0.17316043,-53.55531,-1.4050851,1839.8789,0.119973734,1190.0363,0.24827527,-67.39048,-0.96223456,2964.8794,0.069945626,993.6661,0.27582744,-72.7857,-0.8464216,-21.37384,-0.47983664,35.57737,0.26249465,0.080357105,0.23986006,-0.020970527,-0.81236535,0.19990733,0.66079676,33.598965,0.2977867,11.216195,1.2553433,-7.219489,-2.3452923,-21.179148,-0.74986476,-10.938315,19.853582,0.05752338,0.008209546,0.052883483,3.9125433,2.6620371,0.2873913,0.21887495,0.07947368,0.08958815,-27.504595,18,9,23,SPEAKER_00,455.2,464.766667,455.2,464.44784375,2,8.707843749999938,disengaged
39.917316,0.117256485,37.729088,39.75555,42.665043,4.935955,210.29974,292.07153,109.70693,118.9262,0.32027242,0.72970146,0.10926273,0.2866167,0.47782096,0.36855823,2.7651417,1.5687208,2.0063019,0.67935956,0.118069634,1.2685248,25.645239,0.5657956,14.038769,0.66089183,-6.7324014,-2.4477637,-33.851334,-0.6477221,0.02229685,2.4021192,0.6851396,1.2141522,12.312417,0.32455435,13.636865,0.88345164,37.684593,0.39065292,817.89545,0.16195443,1259.9269,0.1754986,-63.037113,-1.2690946,1966.6833,0.08334961,1132.4111,0.2158426,-81.59269,-0.8012902,3026.7913,0.048254132,842.5058,0.32407394,-80.78739,-0.81676507,-27.08274,-0.2870089,37.626945,0.20467308,0.07841402,0.29845443,-0.036972124,-0.5054645,0.1466057,1.1051564,30.983252,0.25466105,15.878096,0.51865447,-9.065225,-1.7083343,-41.171978,-0.43779787,-9.067837,19.55132,0.052083798,-0.00031468464,0.034570463,1.9017433,1.7571886,0.4190909,0.3675584,0.12818182,0.09627783,-26.295912,18,9,24,SPEAKER_00,464.8,475.966667,465.83159375,472.88534375,5,6.328124999999886,engaged
36.357883,0.022100277,35.63468,36.20392,37.08029,1.44561,73.356384,122.9826,9.862122,7.3518147,0.31147024,0.6143706,0.14922549,0.29994377,0.4174482,0.2682227,3.925744,1.0301646,2.7912016,2.0444748,0.11290166,0.73899907,24.17651,0.8082188,10.722567,1.426025,-3.201937,-5.1794887,-8.466785,-1.6657654,0.0135311065,1.0431849,1.0036215,0.95740724,10.699948,0.2502462,7.3776817,1.3305845,36.250214,0.2250373,670.71716,0.31166708,1397.5425,0.21358326,-84.356476,-0.99288666,1775.7435,0.16115507,1173.9884,0.20544325,-85.31739,-0.8542052,2874.5203,0.100515336,1030.1604,0.20160642,-90.22665,-0.7638745,-19.83773,-0.60839105,34.880447,0.30988264,0.0723264,0.2207935,-0.01532687,-1.009759,0.13824825,0.54218954,32.16047,0.36300996,14.033984,1.0189718,-3.7097027,-4.8674893,-12.909536,-0.9446295,-1.765787,12.5297985,0.05011391,0.014752458,0.05906508,4.580153,3.2,0.2075,0.12336429,0.11,0.058878407,-29.464252,18,9,25,SPEAKER_00,476.0,477.6,476.27721875,477.6,1,1.3227812500000482,disengaged
35.76398,0.100887634,34.352093,36.240257,38.18425,3.8321571,73.09285,60.73239,37.72038,34.7323,0.3600667,0.60486126,0.14016089,0.35277656,0.5582044,0.41804352,3.7574227,1.1846253,2.9565363,1.9921459,0.13777845,0.6834543,32.048378,0.37506336,7.72663,1.7163886,-6.4517446,-2.8776631,-17.112951,-1.2114937,0.028528295,1.7228907,0.89992,0.769493,8.821415,0.42650822,6.20809,1.680243,35.39552,0.28862357,795.9902,0.22511287,1334.3906,0.15576912,-56.41068,-1.4664704,1878.3379,0.13826677,1209.8956,0.25299844,-68.25003,-1.0379328,2978.6123,0.07976894,1004.42535,0.34482744,-72.88153,-0.9328145,-18.158846,-0.6343748,35.063416,0.24040152,0.07616041,0.21940058,-0.02282716,-0.93851167,0.16820538,0.51614267,35.941505,0.16376114,8.526895,1.6519046,-8.180961,-2.3723955,-23.994179,-0.6665101,-10.079922,18.593765,0.05573131,0.009350665,0.040176515,4.4052863,1.8099548,0.415,0.4776243,0.1175,0.11098986,-28.706,18,9,26,SPEAKER_00,477.633333,481.4,477.633333,481.4,2,2.2816669999999704,engaged
35.995193,0.09085367,34.89769,36.276276,38.09014,3.1924515,359.0528,520.389,61.233746,99.08728,0.2746747,0.70484406,0.08617818,0.26203606,0.42748475,0.34130657,4.5497694,2.592723,3.0446737,1.4948922,0.1230941,0.8952292,28.698643,0.5506265,16.161745,0.7237544,0.15483911,94.34941,-14.018237,-1.2183349,0.021084115,1.7950538,1.0941725,0.93591124,9.783937,0.3750143,8.671166,1.7943587,37.12215,0.42618218,766.2763,0.2514293,1370.6234,0.157813,-76.428276,-1.097646,1893.8186,0.12606175,1249.8546,0.2849852,-86.726364,-0.8297134,2978.2854,0.08375983,1073.3282,0.2912835,-90.449394,-0.7656688,-23.7338,-0.37761205,36.521072,0.25939012,0.07522316,0.23756155,-0.023314832,-0.6241373,0.15200534,0.7075287,34.587105,0.28478792,17.042461,0.7122198,-1.6892047,-9.138567,-19.66459,-0.7738689,-13.732364,23.012749,0.05373645,0.006554828,0.058555625,3.423567,2.957634,0.22432432,0.15129246,0.11,0.11692291,-28.798056,18,9,27,SPEAKER_00,481.433333,507.833333,481.433333,507.833333,5,12.57937499999997,disengaged
37.45311,0.13129568,34.835014,36.504807,39.004826,4.1698112,314.43967,455.616,43.83837,39.722076,0.34842712,0.81643915,0.10270107,0.29588312,0.55568916,0.4529881,6.2992907,4.7863984,4.3044705,2.6912184,0.18394643,1.1368371,23.452412,0.7992901,13.42303,1.003469,-3.8427508,-4.073218,-17.526852,-1.0667071,0.031978738,1.9921911,1.2570345,0.792398,9.075908,0.43209964,9.31936,1.3498123,32.668842,0.46948284,777.3479,0.22597185,1346.0211,0.17576356,-78.937256,-1.0764103,1892.5363,0.13393277,1123.6505,0.3054169,-86.64211,-0.85887617,2961.974,0.07708636,983.0975,0.319422,-89.54808,-0.80437326,-21.64129,-0.5093321,33.6582,0.34121844,0.07844596,0.26087987,-0.024035502,-0.6459437,0.2500414,0.8968062,30.325163,0.44503227,13.102608,1.0586152,-3.9550626,-4.2692657,-24.337952,-0.6934656,-9.590135,17.471222,0.05670963,0.0048088226,0.04897154,3.4862387,3.1365314,0.20617646,0.1513666,0.099999994,0.081794396,-26.190762,18,9,28,SPEAKER_00,507.866667,524.0,507.866667,522.66659375,5,10.918676750000145,engaged
36.110023,0.081162825,34.230057,36.014072,38.164177,3.9341202,160.57079,222.40997,73.352234,110.3207,0.39386302,0.5310758,0.20338017,0.3898978,0.5578004,0.35442024,5.643023,2.3836455,3.051966,1.5382291,0.19349284,0.70895165,29.295158,0.56371677,13.4436655,1.0641868,-4.8330207,-3.715548,-15.936828,-0.95248276,0.021869736,1.8127965,1.1677237,0.8919116,9.747376,0.34314373,9.324841,1.4446604,37.44199,0.36782512,750.8027,0.26322484,1371.4974,0.16908109,-65.249756,-1.2675123,1865.6932,0.14245808,1162.6486,0.25085998,-77.2844,-0.9294598,2996.8032,0.08297356,1058.366,0.26871946,-82.498405,-0.8265746,-22.848478,-0.47153258,36.166397,0.26479,0.07258701,0.25011793,-0.024624906,-0.62369853,0.23302473,0.58487135,33.980785,0.29628155,14.600576,0.98357475,-4.7261896,-3.918104,-20.992428,-0.6334478,-9.691861,20.429983,0.057253182,-0.0016033307,0.09045401,4.179105,2.431611,0.29125,0.21091689,0.11285714,0.08344619,-25.667345,18,9,29,SPEAKER_00,524.033333,529.166667,524.50596875,529.166667,3,3.3613232499999413,disengaged
35.661892,0.08985317,34.619297,35.903465,37.572067,2.9527702,409.73944,508.71204,41.299007,42.52099,0.3324072,0.6932527,0.105752416,0.30818126,0.53626674,0.43051434,5.000869,2.2980795,4.197639,2.3460617,0.1517581,0.78808594,29.457409,0.5394801,11.206695,1.3311763,-5.445733,-3.0324175,-12.564268,-1.2028865,0.02474605,1.9248761,1.1596159,0.7989946,8.785731,0.40697864,8.393242,1.7679698,37.330822,0.3256941,745.0011,0.25428882,1393.2151,0.16821681,-69.46087,-1.2048463,1834.8729,0.14222549,1199.8984,0.2436973,-78.44118,-0.93680936,2976.166,0.08709875,1070.4865,0.27757055,-84.71797,-0.81581694,-21.157644,-0.5163923,35.57412,0.2580079,0.076742865,0.22460462,-0.02032027,-0.82559067,0.19256489,0.57702005,35.638897,0.24409354,11.18134,1.3495191,-7.018012,-2.4835622,-18.139982,-0.6635976,-11.305064,20.66408,0.056606535,0.00682415,0.049503546,4.4951143,2.6797388,0.25780487,0.17949131,0.107777774,0.10301324,-28.007967,18,9,30,SPEAKER_00,529.2,551.2,529.2,551.2,5,15.368124999999964,engaged
36.6398,0.09442564,34.659836,36.05206,39.545753,4.8859177,254.84183,202.60034,29.870583,25.071306,0.38011086,0.79527205,0.09957637,0.32836115,0.5912886,0.49171227,5.255607,3.2923558,3.3111951,1.627701,0.14228521,0.8969082,25.262632,0.78585684,11.64693,1.1049563,-7.8639407,-2.0852585,-16.840345,-1.1757964,0.020193348,2.580278,1.0116408,0.91536975,9.843074,0.4222183,11.550772,0.98933965,39.559307,0.29240942,731.96735,0.2658135,1392.0935,0.16581371,-74.10165,-1.1933268,1819.0397,0.13892585,1243.9634,0.23069243,-82.92031,-0.91887885,2945.1262,0.07934251,1053.3378,0.31083968,-88.32029,-0.81786746,-21.466787,-0.4848753,36.110786,0.24947268,0.07542664,0.23800743,-0.02352486,-0.8349186,0.18454006,0.663216,33.658825,0.3102272,12.663789,1.0138915,-10.052093,-1.7312799,-24.389914,-0.73764926,-5.747244,15.745796,0.05067943,0.0132511165,0.047518343,2.877698,2.232436,0.29941177,0.39560035,0.14,0.16663656,-24.699488,18,9,32,SPEAKER_00,552.1,578.1,552.8390937500001,578.1,5,15.304656249999766,engaged
39.851982,0.098320104,36.76633,40.430435,42.415142,5.6488113,52.10797,40.80799,49.350697,63.70976,0.3384038,0.8683793,0.079698496,0.28260508,0.5318146,0.45211607,5.2593093,3.7861865,3.3774145,2.3998709,0.12537791,1.22955,21.445715,0.6891867,7.959476,1.7375593,-5.9678555,-2.8498235,-22.696152,-0.9376839,0.016781112,1.3861521,0.93724656,0.9151616,11.069258,0.3562392,9.472019,1.1135349,30.19679,0.38232446,805.2375,0.18908904,1312.8499,0.19745736,-58.40541,-1.3534629,1898.9513,0.114264436,1066.7267,0.2806067,-68.99307,-1.0004559,2964.6787,0.071660824,916.2193,0.35454437,-72.018936,-0.93117946,-19.022987,-0.5538852,30.395363,0.37013087,0.062948495,0.33713207,-0.022634445,-0.7362809,0.15190221,1.069171,25.188902,0.45144534,6.597469,2.2166913,-8.677256,-2.0301116,-27.917557,-0.70652723,-9.4648485,18.324915,0.038617436,0.0046252366,0.03620488,2.3546371,2.0240965,0.37238094,0.3382997,0.11805555,0.076333314,-28.137255,18,9,33,SPEAKER_00,578.133333,614.833333,578.133333,613.79159375,15,20.825135749999163,disengaged
36.296665,0.1045369,34.22806,34.757034,38.169235,3.9411736,102.26521,70.14471,18.627611,10.33038,0.1611912,0.81742626,0.015873816,0.14452292,0.31467718,0.29880336,2.2164063,1.7386276,1.2545607,0.37567768,0.030006215,1.0178835,21.91384,0.7062716,9.746862,0.8030651,6.8122296,1.8279171,-4.623404,-3.4181309,0.019182263,1.3706139,0.9199458,0.9030747,10.838142,0.2132913,6.5196238,1.6062179,28.976292,0.31906432,744.5551,0.23398331,1236.9413,0.16035895,-78.99088,-1.1178674,1826.9352,0.08612597,986.28894,0.44429561,-86.22816,-0.9022421,2883.4148,0.07433524,856.81024,0.32741627,-89.80571,-0.83735305,-20.196909,-0.34478426,27.099367,0.3805754,0.05544144,0.25849253,-0.019274348,-0.9556561,0.039880376,0.8035325,28.86202,0.37005278,11.3513975,0.6916885,6.589842,2.2332644,-11.130425,-1.1671677,-9.992323,19.818901,0.015271213,0.02064208,0.008698779,2.9850748,2.3255816,0.28,0.13490738,0.13,0.11343133,-38.46279,18,9,33,SPEAKER_02,578.133333,614.833333,595.65096875,605.6072187500001,2,1.3500000000001364,disengaged
40.26728,0.09219595,37.753933,40.621742,42.725952,4.972019,72.51298,63.569977,75.69339,92.56475,0.38872266,0.74679214,0.11630531,0.34308332,0.6174406,0.5011353,5.478061,3.181194,3.2270856,2.7997792,0.14886206,1.066596,22.435888,0.57213837,9.408775,1.0932975,-10.567354,-1.4038265,-34.835873,-0.61955774,0.021634603,1.976101,0.84437597,1.0917848,11.40158,0.36630633,9.845305,0.89718896,31.522552,0.24089912,806.97986,0.17711282,1278.4856,0.16790433,-64.52777,-1.289476,1922.2515,0.11780014,1137.3048,0.28515124,-76.51255,-0.9209628,2969.7585,0.06671748,831.6694,0.35696563,-76.805305,-0.91608226,-20.498615,-0.32979873,31.374166,0.25370243,0.072557606,0.2616263,-0.033276334,-0.40508205,0.1761036,0.9126324,26.079107,0.3465906,9.742102,1.0404794,-12.383207,-1.148901,-42.87544,-0.38491088,-9.181044,19.253424,0.050249085,-0.006200302,0.06348893,3.0794165,2.0358307,0.3548,0.26555783,0.13666667,0.10955899,-26.686441,18,9,35,SPEAKER_00,619.466667,638.0,619.466667,638.0,5,12.357082999999989,disengaged
41.221767,0.082554236,40.154213,40.647415,43.12575,2.9715385,105.13873,75.61496,156.71509,182.74725,0.47673294,0.7189746,0.17762129,0.43812317,0.6509232,0.4733019,4.6045127,1.2366506,3.4818087,0.81021535,0.19190876,1.0413502,25.55423,0.2741145,5.866272,1.8520736,-11.587531,-1.2190315,-38.55131,-0.43090263,0.01390604,1.4258026,0.77299076,1.0717249,12.469374,0.24570271,5.268333,1.6460721,27.418428,0.2024581,785.4571,0.19520843,1277.9751,0.1498394,-53.044815,-1.4101328,1882.5372,0.13169423,1093.9989,0.24181114,-64.25248,-0.992658,2902.7366,0.06797489,857.375,0.35915053,-65.64389,-0.9489126,-18.646473,-0.3730831,31.077955,0.238334,0.06617386,0.33391178,-0.029142154,-0.45439455,0.17792667,0.7053112,27.222109,0.21012945,6.153359,1.7272698,-12.452698,-1.1589233,-42.608215,-0.30640793,-16.423847,24.37408,0.055083916,-0.012949658,0.07736758,3.1746032,2.5000002,0.31333333,0.13912424,0.06666666,0.012472191,-25.157183,18,9,37,SPEAKER_00,640.233333,643.233333,641.38221875,643.233333,2,1.277364250000005,disengaged
41.91169,0.058294203,39.555473,41.86879,44.114082,4.558609,59.934376,42.737713,34.414486,14.469669,0.78274834,0.72331524,0.26243147,0.64084727,1.3466358,1.0842043,15.270331,7.8805656,10.253893,7.393402,0.43919417,0.97163695,15.181779,0.9091369,9.631275,1.3211064,-14.151834,-1.1770964,-42.915844,-0.46412125,0.020851243,1.6414685,0.9982858,0.7575146,10.915491,0.3234288,12.005688,0.68789315,27.806969,0.33444288,829.3548,0.15730047,1250.315,0.17988077,-66.27439,-1.2903258,1938.7683,0.12576984,1037.8713,0.3217751,-75.06127,-0.9807131,2984.8672,0.066242784,863.36096,0.5203821,-74.81731,-0.9832423,-16.545359,-0.406308,26.910263,0.35400534,0.063572355,0.32481754,-0.029144358,-0.43604293,0.53772295,0.7822251,17.900043,0.5781022,7.5739555,1.6815529,-16.379366,-1.03815,-48.031963,-0.37736893,-6.3616858,14.39025,0.054493114,-0.01818621,0.18251607,4.392765,1.8372704,0.39,0.28903782,0.15833333,0.14870739,-18.800028,18,9,38,SPEAKER_00,643.266667,649.666667,643.266667,649.666667,2,3.885624999999777,engaged
37.0697,0.08507547,35.10248,36.628407,39.265873,4.163391,463.86362,789.46704,25.093506,15.497324,0.30044198,0.70833606,0.09421357,0.28205624,0.47329745,0.37908387,4.25492,2.2184837,3.5133548,1.5121154,0.119198285,0.88827777,22.101013,0.84642947,10.72572,1.2620708,-12.9593315,-1.3529394,-14.665007,-1.388486,0.018112443,0.9966216,1.1833127,0.7270251,8.344371,0.49209183,6.9982495,1.5441351,33.454002,0.27830264,749.021,0.26791692,1366.874,0.22106716,-75.559555,-1.1597903,1817.1836,0.15358481,1217.9834,0.2161996,-82.4218,-0.9286503,2931.9888,0.0860953,982.6894,0.2708346,-87.778755,-0.8254762,-15.021045,-0.7152522,31.470604,0.30982316,0.07288899,0.2737915,-0.017024996,-1.2193499,0.15501527,0.672185,29.394121,0.41298825,8.781626,1.5122708,-14.21853,-1.3255237,-22.116,-0.7978116,-6.163122,16.547686,0.0415932,0.011331571,0.03925549,3.950104,3.1578948,0.20666665,0.159318,0.10230769,0.061036415,-30.6097,18,9,39,SPEAKER_00,649.7,663.5,649.7,659.3203437500001,6,4.827843750000284,disengaged
39.105995,0.1440136,35.4957,38.28037,42.212635,6.716934,221.11101,205.98438,81.51155,117.89025,0.27523667,0.8232866,0.062260598,0.2215953,0.45409933,0.39183873,4.405234,2.3282268,2.994215,1.5983196,0.11046083,1.0428566,19.411432,1.0182992,10.775456,1.2769259,-3.9163833,-4.0701413,-19.627642,-1.1461215,0.024778007,1.881634,1.1434786,0.86085504,10.03552,0.4481439,12.595173,1.0299289,33.520958,0.4107019,760.35016,0.25303954,1349.612,0.20113578,-89.45006,-0.9970477,1854.4337,0.13429114,1176.3262,0.28381854,-93.95399,-0.82932603,2953.7659,0.07808013,973.6756,0.3170123,-96.59403,-0.7828026,-19.458168,-0.59736127,32.20702,0.3743513,0.07798955,0.28601056,-0.021907065,-0.8981073,0.1537016,0.7671323,27.720732,0.5359813,10.683034,1.3517041,-6.2658596,-2.6904461,-28.180103,-0.72469544,-6.393789,15.406934,0.04465919,0.006837216,0.036423624,3.4461539,2.6502311,0.22906975,0.18747793,0.136375,0.10393801,-29.36806,18,9,40,SPEAKER_00,663.533333,718.4,664.2478437500001,718.4,20,32.5184062499992,engaged
40.71333,0.047618475,38.619476,42.11346,42.40918,3.7897034,29.010084,10.051845,29.312561,32.661247,0.10680767,0.57891643,0.05843812,0.11031287,0.15654315,0.09810503,1.5993271,1.0679885,1.0144705,0.50597405,0.023557115,0.7482833,13.1681595,1.2558391,11.858098,0.68280905,0.11796494,112.87834,-17.745062,-0.848097,0.016805012,0.79854286,1.2039726,0.69913846,10.497328,0.27956903,19.883186,0.3440582,26.62455,0.5995026,754.99207,0.24543194,1327.1627,0.15021265,-108.13141,-0.78766,1859.1304,0.113869004,969.7534,0.283456,-105.58852,-0.71879774,2899.8691,0.06862202,878.87225,0.3086248,-104.41205,-0.7370419,-19.898144,-0.3466157,29.011423,0.30189034,0.06272944,0.33411714,-0.0157252,-0.79111207,0.031414315,0.45768413,21.725555,0.47188306,12.558244,0.69898164,3.0230327,4.259166,-21.83962,-0.67127603,-3.1812341,9.864969,0.027906045,0.016005084,0.0131953815,4.2253523,3.6764705,0.148,0.05075431,0.103999995,0.025768198,-43.905315,18,9,40,SPEAKER_02,663.533333,718.4,666.96471875,668.39909375,1,1.4343750000000455,engaged
38.301605,0.091900624,36.12994,38.024696,40.834892,4.7049522,146.42514,123.96952,5.0012226,14.386566,0.317712,0.7512322,0.095147744,0.28998724,0.509082,0.4139343,5.0562468,3.2900777,5.1948423,4.481656,0.1577888,1.113072,23.62617,0.7356101,14.8930435,0.8580165,-3.184823,-4.3103337,-19.3959,-1.0684249,0.022314275,1.4894968,1.0170965,1.0529915,10.424618,0.3843987,9.508658,0.98206025,34.93771,0.22653921,786.6366,0.16400003,1318.3516,0.168649,-82.85264,-1.0397326,1906.7706,0.093961686,1090.2429,0.23747668,-94.6513,-0.78229,3001.8186,0.061503917,986.58575,0.46438232,-95.95829,-0.7595596,-24.073526,-0.36716995,35.156662,0.28586352,0.068986714,0.24198903,-0.027598338,-0.5382531,0.1714725,0.74297446,31.714396,0.320303,15.647338,0.8073071,-2.6867027,-5.166887,-24.577906,-0.736969,-11.003442,19.6028,0.04318723,-0.0022487883,0.14414299,3.265306,2.0833335,0.306,0.29877082,0.19,0.07648529,-27.284355,18,9,41,SPEAKER_00,718.433333,726.233333,718.433333,724.1540937500001,3,2.463885750000145,disengaged
36.024822,0.116473116,33.986595,37.042614,38.681965,4.6953697,139.06465,170.39806,89.01273,53.979073,0.23636246,0.88290584,0.05055826,0.18175913,0.43659395,0.38603568,3.31149,1.753949,3.9986346,2.4014282,0.12628517,1.1536677,10.015134,2.0623193,12.036855,1.2388483,-2.4669397,-7.526566,-6.0741878,-3.0413127,0.03663935,1.4673647,1.8978695,0.907391,7.629995,0.5166661,10.959923,0.76538306,28.626352,0.40127057,767.7705,0.28023696,1376.1359,0.17885317,-118.078514,-0.7625456,1831.0403,0.15178426,1218.8514,0.31288683,-121.48133,-0.6974753,2854.0771,0.10534255,1025.866,0.287435,-123.88781,-0.6529248,-15.4136715,-0.9811772,29.236406,0.44663343,0.051626865,0.53917295,-0.013460495,-1.7877767,0.19595814,0.6484435,22.110977,0.74830514,12.926474,1.3512356,1.8875208,12.350264,-14.369298,-1.0887645,-4.683491,12.008114,0.031162728,0.0044251815,0.05544141,4.8275867,3.649635,0.11399999,0.0649923,0.1775,0.18198557,-29.311552,18,9,42,SPEAKER_00,726.266667,728.2,726.3815937500001,728.2,2,1.4640312499998345,engaged
36.138325,0.07324066,34.707794,36.0046,37.966614,3.2588196,177.47395,334.33612,46.235195,99.944405,0.31231993,0.6590551,0.12315047,0.27849975,0.47972518,0.3565747,4.57908,2.3249712,3.423177,1.9314461,0.14653556,0.7960759,30.025799,0.5437666,13.636877,0.9579686,-6.846668,-2.267266,-11.45115,-1.3055547,0.022405455,2.103685,1.2717872,0.80855745,9.179826,0.37437302,9.634343,1.2804948,38.75615,0.3083547,743.3891,0.2736627,1434.8608,0.15708447,-64.52546,-1.2133996,1808.161,0.15526845,1255.8125,0.22729863,-73.96244,-0.9188549,2946.8965,0.08916985,1124.6077,0.30017093,-81.38892,-0.77627945,-21.00839,-0.495385,37.731262,0.25318128,0.07379701,0.254955,-0.018247522,-0.87668455,0.17540741,0.639815,35.56886,0.30338073,13.980198,0.89700603,-7.2913375,-2.1443741,-15.795698,-0.8185095,-10.072075,22.50867,0.050279874,0.007752585,0.060943954,4.195122,2.9411764,0.24666665,0.23231204,0.08153845,0.048965633,-28.26788,18,9,44,SPEAKER_00,729.233333,770.566667,729.233333,770.566667,4,10.266459000000282,engaged
42.13463,0.08275976,40.618763,41.233147,41.53367,0.91490555,46.43213,61.07377,37.688408,13.335151,0.23138219,0.89604527,0.0069578723,0.22143205,0.41033858,0.40338072,3.2239482,2.2764044,1.1047726,0.7189083,0.056026332,2.1302543,4.809375,4.04588,9.259748,1.0910723,7.2760153,2.3928216,-23.21585,-1.0102423,0.0068827434,1.8066484,0.48406115,1.5782351,14.499968,0.2850561,13.283492,0.7492899,14.890833,0.86940634,889.6192,0.19228996,1294.0033,0.13477504,-131.38301,-0.6398948,2100.1182,0.13400878,956.92615,0.45558894,-128.94579,-0.62037915,2914.5242,0.09232603,1033.6036,0.38212818,-125.99199,-0.6627725,-18.563677,-0.35495332,24.90486,0.31242096,0.049850527,0.31434736,-0.023089988,-0.6737688,0.09555897,1.7359489,20.825378,0.33130342,10.247996,1.0521728,11.361955,2.0151098,-42.177696,-0.3615743,2.095467,5.400777,0.028529668,0.021353379,0.026487874,1.8766756,1.3586957,0.31,0.37045917,0.404,0.32376534,-29.33952,18,9,44,SPEAKER_01,729.233333,770.566667,754.05659375,757.93784375,2,3.746249999999918,engaged
37.58024,0.09950469,35.249207,36.870266,40.71033,5.4611244,124.45012,198.85513,44.42516,58.39171,0.36413226,0.77557933,0.116143756,0.30042416,0.5858663,0.4697225,5.74639,3.278347,4.272176,2.7715738,0.16707394,1.2141743,24.067577,0.74660254,9.1977825,1.5754945,-7.464039,-2.2429268,-17.3472,-1.144819,0.022258844,1.5305711,1.1165739,0.8146192,9.343378,0.4276135,6.923873,1.9042455,32.752556,0.3648712,756.1815,0.23561686,1369.8215,0.16299678,-76.74863,-1.126792,1843.8927,0.14234443,1176.922,0.26897773,-82.4775,-0.9193039,2942.7393,0.08112038,1013.4703,0.26868424,-87.233246,-0.8288384,-18.574463,-0.6259051,33.756653,0.29121277,0.0675843,0.2886291,-0.021610009,-0.8400428,0.21163955,0.99545914,31.408617,0.34661064,9.132622,1.6616448,-8.894153,-1.987751,-22.70969,-0.78164554,-7.2072635,16.59301,0.04556849,-0.00019106685,0.0696154,3.7473977,2.5766017,0.25864863,0.20327272,0.11514286,0.11033382,-26.455294,18,9,45,SPEAKER_00,770.6,788.7,770.6,788.7,5,14.421249999999759,disengaged
40.150833,0.12456627,36.16636,40.28714,43.664097,7.497738,56.545128,59.73034,90.69902,119.21127,0.3404611,0.8218838,0.07914763,0.2965235,0.5549086,0.47576094,4.78079,2.7891288,3.3619196,2.725836,0.12492279,1.3731228,19.722649,0.8926406,6.405514,2.009094,-9.233134,-1.9403803,-22.060413,-0.88753504,0.019767864,1.5900908,0.88555324,0.9523564,11.161583,0.34564117,11.359695,1.1858715,30.95182,0.3900444,750.3514,0.26094824,1337.5082,0.1854433,-79.00893,-1.1293861,1819.4636,0.14535818,1127.7426,0.30998197,-80.593704,-0.9735172,2942.9763,0.073443644,887.5068,0.3481291,-84.930046,-0.8827711,-18.765604,-0.5066826,31.90788,0.29265568,0.072190456,0.29853585,-0.020452607,-0.7785901,0.16627713,1.1298237,27.319895,0.33560354,4.7194967,2.9270983,-13.594317,-1.3126957,-29.821175,-0.5312662,-4.7623076,13.000406,0.04578036,0.011361798,0.03233284,2.795031,1.9791667,0.33947366,0.2555587,0.171875,0.13408108,-27.512497,18,9,46,SPEAKER_00,788.733333,804.133333,788.733333,804.133333,11,9.679374999999595,engaged
39.913532,0.030770542,39.090397,39.6727,40.213608,1.1232109,66.89894,68.08946,201.63545,254.97806,0.27591336,1.0226701,0.007507219,0.13719028,0.60260236,0.59509516,4.584851,3.903802,2.2589664,2.9781168,0.065338925,1.4166955,7.6006875,1.8083996,-0.077529885,-151.1792,-12.576028,-1.1114076,-7.7094746,-1.4253716,0.008736891,1.8988074,0.8686055,1.0951568,11.566655,0.38630912,-11.260877,-1.3248701,12.748545,1.0525157,689.3325,0.20359547,1279.987,0.18486522,-104.30752,-0.93114704,1759.5471,0.08229124,882.6164,0.30969667,-102.88652,-0.9134188,2922.883,0.05497467,786.16455,0.7536538,-109.04679,-0.80688214,-12.208575,-0.4746606,25.310759,0.21995029,0.05761628,0.24165219,-0.015993046,-0.95009214,0.10922445,0.9242096,16.760357,0.5415906,-6.8316555,-1.5024366,-23.343052,-0.47139314,-14.948284,-0.5539356,-3.037628,12.00684,0.028983964,0.023512064,0.012705607,3.6082475,2.1276596,0.22749999,0.26423237,0.2225,0.22785686,-31.360527,18,9,46,SPEAKER_01,788.733333,804.133333,793.39221875,799.9565937500001,7,1.9575000000004366,engaged
35.956398,0.090069056,34.341137,35.70153,37.192646,2.851509,110.00276,112.30751,55.068134,107.78205,0.2748067,0.8440229,0.07044072,0.21976046,0.4508709,0.3804302,5.0900545,3.2317889,3.0133245,2.1037138,0.11764649,1.0680718,20.576687,0.8960298,11.741096,1.1819339,-6.7229977,-2.5130208,-8.339153,-1.6489131,0.02530214,1.2965957,1.303061,0.7588659,8.367484,0.439715,10.446759,1.2232071,33.575966,0.41423872,757.05707,0.29026264,1427.0835,0.16861612,-93.36297,-0.9632938,1826.0988,0.14623693,1285.3331,0.24546434,-98.20033,-0.8295734,2920.5027,0.088658124,1097.2931,0.30474535,-102.9099,-0.74995154,-17.21751,-0.7110691,33.914627,0.25930607,0.071113,0.31161398,-0.0116378,-1.5050726,0.165514,0.7365861,30.223013,0.34579638,10.996885,1.3519495,-7.302159,-2.7201285,-14.844683,-0.8179743,-6.2547708,15.406448,0.04863372,0.011371374,0.049144056,3.022339,3.3112583,0.16799998,0.11440279,0.123913035,0.119300105,-29.842941,18,9,47,SPEAKER_00,804.166667,816.5,804.166667,816.5,6,7.625208000000157,disengaged
39.64255,0.100117184,36.911682,39.575592,42.142315,5.230633,233.40215,529.0218,65.21718,147.93959,0.4721792,0.8793391,0.13475646,0.3738716,0.7238721,0.5891157,6.53061,5.479421,6.239944,6.0525017,0.20110916,1.2587882,19.50672,0.88543046,10.768407,1.3230625,0.39266652,39.733894,-28.081732,-0.78396136,0.018242912,1.8005534,0.895144,0.9985317,11.168083,0.37662458,9.975957,1.333047,26.624414,0.56868523,808.5097,0.2156669,1306.061,0.18749988,-74.80406,-1.0982379,1945.8132,0.13216943,1074.0267,0.3439092,-81.75565,-0.88909435,2957.0679,0.07304959,932.88544,0.3872144,-81.76004,-0.8861534,-18.916409,-0.56614417,29.658062,0.4001419,0.07088842,0.2978358,-0.02679861,-0.5933494,0.2562657,1.0549991,25.79629,0.45098165,9.958465,1.50593,-1.0939683,-14.984563,-34.447918,-0.54386663,-6.164176,13.89043,0.053625237,-0.0030749752,0.069009244,2.9608939,2.5799215,0.26565218,0.2527213,0.11574999,0.083602846,-23.151814,18,9,48,SPEAKER_00,816.533333,856.866667,816.533333,856.6228437500001,9,17.91576074999955,engaged
37.46467,0.09409296,34.93114,36.303883,39.958855,5.027714,234.1801,244.59329,30.015505,12.931814,0.36502463,0.78686255,0.09869526,0.2884402,0.61017716,0.5114819,5.064972,2.9663482,2.7479744,1.4962707,0.16406062,1.0879217,18.81567,1.0941572,14.349588,0.9757204,-2.7511194,-4.8268423,-7.3302984,-2.954153,0.018835172,1.0226072,1.065499,1.0253584,9.986461,0.34785065,8.089916,1.2226995,30.430313,0.33883575,804.7841,0.24291168,1355.8367,0.14891642,-66.48722,-1.1999985,1896.2517,0.12019663,1099.5222,0.26457646,-76.231064,-0.9065403,2981.6387,0.08879522,1089.3322,0.26428175,-79.39842,-0.84420043,-21.508915,-0.47076362,31.204285,0.35682526,0.06667803,0.37713546,-0.020794995,-0.70617694,0.21683665,0.85047984,28.39136,0.42332444,11.852264,1.2560967,-2.2468379,-6.4292603,-15.169353,-1.1342835,-2.2149513,8.395177,0.029794127,0.008446089,0.028654031,3.5555556,3.196347,0.22285715,0.115846485,0.08333333,0.039860867,-24.996183,18,9,49,SPEAKER_00,856.9,860.133333,857.39909375,860.133333,2,2.2617392499998914,disengaged
36.731087,0.123266436,35.535465,36.99112,38.281498,2.7460327,733.9384,946.2077,121.0961,125.195724,0.28868532,0.6803659,0.09799019,0.27224037,0.4590506,0.3610604,4.341785,2.641534,3.3521068,1.9854594,0.1322382,0.92463386,23.033913,0.8722811,17.171879,0.68440527,1.9928772,7.541059,-15.746184,-1.1325132,0.027482172,1.9283023,1.1924419,0.98408145,9.418778,0.42121762,9.2144,1.4158055,34.36591,0.3708558,750.2392,0.22023658,1349.0531,0.15856136,-78.97226,-1.1006842,1885.3334,0.110399105,1168.6814,0.31480697,-89.012665,-0.83247,2953.4292,0.07287223,1006.37524,0.41980198,-90.10854,-0.8101065,-23.15034,-0.4539201,33.254578,0.34284845,0.07964877,0.2441732,-0.025960432,-0.60747206,0.17070867,0.69965845,30.825119,0.4707995,17.590422,0.6785334,1.6038997,9.5525465,-23.853985,-0.5719207,-9.73508,18.097647,0.04642275,0.0091173975,0.05472856,3.4398036,2.3485785,0.27894735,0.2548662,0.13333333,0.093808316,-28.435577,18,9,50,SPEAKER_00,860.166667,872.733333,860.166667,872.56971875,10,8.150551750000204,engaged
35.894142,0.10583354,34.666447,36.288548,38.009567,3.3431206,88.53156,120.24351,49.80954,50.793217,0.28207228,0.7221165,0.09752681,0.2485307,0.46160606,0.36407924,4.542532,2.9232504,3.2967153,1.5965433,0.12997673,0.85790855,26.294317,0.70531607,15.83634,0.75603336,-2.9136636,-5.0743265,-14.958617,-1.0388532,0.025966281,1.71858,1.2276667,0.8230096,8.886689,0.40183717,4.6614985,3.1129122,33.629356,0.43973348,771.964,0.2256019,1367.1945,0.14956841,-75.75127,-1.090534,1878.1052,0.13024986,1206.9547,0.2669587,-85.15732,-0.84036297,2970.7554,0.08306383,1034.835,0.29523447,-88.49858,-0.77837646,-22.743362,-0.42272344,35.024193,0.3023639,0.07533898,0.26441246,-0.02177341,-0.69949436,0.16912472,0.63824064,33.29423,0.3578407,14.954041,0.794947,-3.6367905,-4.155316,-21.096453,-0.5667292,-13.425479,21.23029,0.050784398,0.00292578,0.047341216,3.9106145,3.3834589,0.1972222,0.13935588,0.09785714,0.10029803,-29.16374,18,9,51,SPEAKER_00,872.766667,879.333333,872.83971875,878.61096875,2,5.383125000000064,disengaged
38.546795,0.053724144,37.17783,38.560665,40.075386,2.8975563,101.73064,128.69806,100.105835,364.98154,0.26051018,0.90736717,0.023512125,0.2261779,0.42732012,0.403808,4.0750465,2.898329,2.9125652,2.1141877,0.096076675,1.2823642,23.875002,0.5385399,18.085676,0.48584247,7.31828,1.1928226,-18.328934,-1.1501443,0.01480615,1.6314584,0.77956384,1.1582066,12.693045,0.22769114,17.247766,0.36836892,34.40825,0.21536416,799.30554,0.2123399,1413.6682,0.17001493,-91.45494,-0.91096187,1972.9744,0.11031447,1162.2091,0.32348764,-98.15506,-0.75053644,3008.655,0.07252122,1042.3306,0.3238286,-98.051895,-0.75392085,-28.719257,-0.23766828,36.926926,0.24582581,0.0738441,0.30612737,-0.031428445,-0.4527544,0.1326311,0.9554525,30.629654,0.23110555,20.997478,0.36145,9.032742,0.9105261,-28.353785,-0.6086874,-12.201572,20.819803,0.034035552,0.008768753,0.029810667,2.2271717,1.7867113,0.35218748,0.34261602,0.186875,0.17328511,-26.514177,18,9,52,SPEAKER_00,879.366667,929.066667,879.9440937500001,928.24034375,8,17.971875000000068,engaged
39.412476,0.079350345,37.99197,39.623768,41.48858,3.4966087,106.36824,123.01275,33.775333,40.001686,0.22703908,1.0392991,0.007901668,0.15607958,0.44270042,0.43479875,2.9257245,1.6633391,2.367698,2.5378187,0.07338936,1.3523846,16.535038,1.0520047,15.432001,0.6479219,6.3944087,1.5529691,-17.193132,-1.2228153,0.018380601,2.855869,0.6947109,1.4354383,13.302592,0.27850872,19.467993,0.51783717,35.28325,0.31514508,773.1132,0.22382535,1351.1128,0.15439782,-115.942215,-0.750166,1964.7893,0.08931833,1143.9757,0.21675494,-121.58667,-0.6271988,3002.4678,0.060531124,1029.8328,0.32965633,-120.58966,-0.6405296,-28.812462,-0.27311918,37.318493,0.24317251,0.06835876,0.3594426,-0.031364117,-0.4853407,0.12502755,0.8242447,29.516615,0.31502032,21.23003,0.3469054,5.6605372,1.9573097,-32.23591,-0.46933845,-6.541395,14.639257,0.033088855,0.018530637,0.021242913,1.9406393,1.4908257,0.32807693,0.34889957,0.30814815,0.34043586,-26.186232,18,9,52,SPEAKER_01,879.366667,929.066667,907.9734687500002,928.93221875,5,17.533124999999927,engaged
36.524002,0.10058665,34.067566,36.205994,39.41403,5.3464622,85.93011,95.96898,772.9372,1071.4019,0.208799,0.9506212,0.026860015,0.13969377,0.3727834,0.34592336,4.724247,1.0839204,4.515519,2.9949405,0.1129217,1.2639772,23.110476,0.78299826,14.005269,0.8113831,1.2602838,10.774557,-2.1580632,-8.629652,0.0329273,1.8733561,1.5258157,0.70851433,9.279433,0.36997658,8.58582,1.4838637,35.025932,0.35526186,766.1761,0.23411809,1432.0496,0.14666553,-101.73094,-0.86516744,1844.1012,0.1270242,1225.7998,0.32380933,-108.5171,-0.71879804,2946.9753,0.076494426,1056.1036,0.2612193,-112.00242,-0.6680401,-24.001974,-0.46505696,36.792812,0.2692202,0.05363604,0.43742839,-0.021133741,-0.8399721,0.17114362,0.9214026,33.37792,0.31030914,14.27358,0.9045762,0.3957736,36.990368,-13.40734,-1.0729438,-12.180068,20.94929,0.010588329,0.014573782,0.03748168,4.0983605,3.7815127,0.13666667,0.089814626,0.12,0.11169154,-28.538507,18,9,53,SPEAKER_00,929.1,933.466667,929.84346875,933.466667,3,2.458823250000023,disengaged
34.660263,0.067018285,33.906414,34.979694,36.251434,2.3450203,87.864975,93.13124,31.826534,19.65268,0.2860439,0.6295543,0.12215314,0.25749928,0.44111413,0.318961,5.196752,3.3355236,3.4077432,1.8408058,0.120712,0.60718393,32.621887,0.40846673,13.44184,1.1167113,-1.7771368,-8.972059,-12.290454,-1.064557,0.021336615,0.69208634,1.3190261,0.76284623,8.101639,0.40036348,15.402776,0.66201514,39.96598,0.2887661,682.685,0.26110792,1410.4211,0.13095848,-58.24974,-1.3261081,1816.4784,0.14007103,1171.7699,0.25762963,-71.6605,-0.9375634,2907.137,0.097372636,1174.9773,0.37005627,-77.68934,-0.81465185,-22.468636,-0.4900461,35.29248,0.26518202,0.07879183,0.19982536,-0.019372104,-0.75077695,0.13836451,0.47723618,36.37772,0.26800093,14.313261,1.085674,-1.0953606,-14.72118,-15.68167,-0.7093572,-13.046462,24.806273,0.066260114,0.0024609624,0.05822037,3.9473684,4.794521,0.14714286,0.08154127,0.058000002,0.035440087,-29.27203,18,9,54,SPEAKER_00,933.5,935.033333,933.5,935.033333,1,1.5333329999999705,engaged
37.424255,0.07838938,35.356228,37.242706,39.168198,3.8119698,141.73601,243.66115,47.788147,66.51225,0.262024,0.819016,0.041050106,0.23913522,0.43746844,0.39641833,4.83358,2.9189584,3.279197,2.0425174,0.11010627,1.1146817,22.462408,0.78943837,15.551354,0.88583565,0.879526,17.381536,-11.982128,-1.3637522,0.017229272,1.4855584,1.003558,0.9981458,10.745837,0.37015447,13.928043,0.92163587,34.93329,0.3901781,781.3148,0.24627405,1412.0538,0.1706534,-87.8187,-0.97025126,1896.9908,0.12329579,1220.9863,0.26538384,-94.77806,-0.78979874,2976.8364,0.08146775,1065.0894,0.29283863,-96.97345,-0.75145805,-24.795221,-0.40707958,36.61076,0.24151321,0.072001725,0.27456486,-0.020766646,-0.7877495,0.15435717,0.8090197,31.60896,0.31196675,18.229591,0.75250876,1.5624666,10.427119,-19.606678,-0.7087438,-6.8007894,16.210447,0.03917336,0.019386658,0.027564155,2.8972385,2.178847,0.28895834,0.22569557,0.16227272,0.2221472,-28.251846,18,9,55,SPEAKER_00,935.066667,961.8,935.066667,961.8,6,22.10958299999993,disengaged
35.802883,0.036397185,34.874718,35.79826,36.462566,1.5878487,87.85073,128.87099,119.000626,204.18904,0.19121563,0.9056881,0.015767913,0.13142829,0.3628633,0.3470954,3.0566914,1.1218985,3.1765513,1.3711239,0.09243195,1.0710479,22.827694,0.831264,14.412815,0.77226937,0.12369099,107.054825,-1.5156915,-10.356111,0.017090958,0.94492316,1.1127476,0.7770455,9.119008,0.39676526,15.886447,0.5130578,42.98099,0.16330658,763.5061,0.27731067,1320.3246,0.1759555,-109.537865,-0.8250379,1873.2278,0.11964458,1115.03,0.2486778,-118.29463,-0.66038424,2989.7083,0.08233343,1038.5626,0.309163,-121.693535,-0.6114021,-25.002592,-0.4244588,37.740368,0.329577,0.07593025,0.24828131,-0.01826803,-0.9703305,0.16277245,0.5765661,35.49937,0.30823973,17.383774,0.7523933,1.0761758,13.724114,-12.748627,-1.0947155,-9.785983,17.506056,0.042654198,0.0167793,0.026896546,3.4285715,2.9411767,0.16399999,0.07939773,0.156,0.18553707,-30.853645,18,9,56,SPEAKER_00,961.833333,964.866667,961.833333,964.866667,2,1.767708999999968,engaged
38.975166,0.083898626,35.883236,38.993477,42.125298,6.2420616,145.78471,283.75937,31.966467,39.042072,0.33683947,0.7443967,0.09682079,0.30288172,0.5573842,0.46056342,4.5072336,2.4100628,2.9113638,1.5190198,0.12088977,0.9535626,23.775883,0.66171736,14.653842,0.84847575,-1.4786999,-10.547427,-19.812822,-1.0130526,0.016998416,2.089547,0.90842783,1.1000161,11.919285,0.3357942,13.096417,0.77319473,33.607014,0.32803214,805.9154,0.20539132,1366.8099,0.17564835,-69.6089,-1.1256895,1916.5834,0.11293107,1150.5376,0.2662476,-79.82991,-0.85788864,3001.1216,0.06966376,965.3599,0.32035375,-81.98758,-0.81523055,-24.13111,-0.39579177,35.477764,0.26503864,0.06679294,0.27517113,-0.025103815,-0.5898383,0.1491329,0.7714814,29.624249,0.34032446,14.816314,0.8870785,-2.2081666,-7.656216,-26.3323,-0.667101,-9.087436,16.944792,0.04478144,0.0048392587,0.04198499,2.5903203,2.28747,0.31402984,0.33357432,0.11877193,0.095312424,-25.96693,18,9,57,SPEAKER_00,964.9,1012.066667,964.9,1005.51096875,11,29.355343750000088,disengaged
39.459465,0.19073105,28.413557,42.364304,44.966846,16.55329,656.6027,873.5111,64.31406,53.868137,0.21520992,1.0663496,0.009264354,0.13978925,0.4157836,0.40651926,3.7303147,1.8792953,1.8290675,1.1795186,0.07285441,1.3250756,16.564888,1.0154845,10.159163,0.9533137,-5.899221,-2.341295,-20.284662,-1.2160636,0.014290378,1.2585661,1.0009183,1.1248955,11.516425,0.50750804,10.183066,1.2522686,31.988934,0.32174996,832.3155,0.18105619,1239.1438,0.18667428,-105.828545,-0.88002014,1922.525,0.11232988,1002.3646,0.23635967,-115.03495,-0.70977926,3032.0977,0.070927754,814.88983,0.32568327,-116.59706,-0.6856674,-22.18711,-0.4377638,33.716106,0.3031406,0.07839832,0.34958342,-0.020151796,-0.9203188,0.11250631,0.93854225,26.148447,0.4714855,9.884477,1.0640514,-9.758129,-1.4727666,-33.03891,-0.62800723,-9.134779,18.255167,0.032349575,0.016273774,0.026230596,3.030303,2.1604939,0.22857143,0.23990645,0.21428572,0.20756115,-30.228035,18,9,57,SPEAKER_01,964.9,1012.066667,980.38409375,1012.066667,2,3.3156982500000822,disengaged
42.24804,0.07156523,40.33368,41.794834,44.435593,4.1019135,93.83331,69.027176,936.30585,665.25,0.15582551,0.9378968,0.021236517,0.10020858,0.2829448,0.2617083,1.5776899,0.8642041,1.6531149,1.4431419,0.031793084,1.6351837,9.45363,2.1043768,5.5640335,1.4000199,-1.0840515,-9.2001705,-17.002987,-1.4278351,0.010145404,1.1909558,0.61939394,1.477995,13.899457,0.30163085,17.722227,0.5614521,32.077644,0.27772707,827.31696,0.09189645,1178.289,0.16010897,-123.82182,-0.7277042,1959.9381,0.07023803,918.2304,0.19823651,-132.01675,-0.592685,3020.6973,0.03423505,765.5282,0.22734578,-132.47452,-0.5879547,-24.445213,-0.25299984,33.7364,0.2465764,0.07112637,0.37079266,-0.02615445,-0.56104654,0.059404567,1.186004,26.629906,0.30420852,8.292139,0.8907599,-6.218329,-1.61283,-39.23236,-0.49291986,-1.9528319,11.740796,0.031896003,0.014350699,0.013024339,3.4129696,1.388889,0.29,0.12529965,0.322,0.17948815,-35.620296,18,9,58,SPEAKER_01,1012.1,1021.266667,1012.1,1015.51784375,2,2.9453437500000064,engaged
40.986416,0.053563267,38.775078,40.901558,43.237675,4.462597,76.83337,79.23649,13.867728,7.2237844,0.16335861,0.81193304,0.025348784,0.12458476,0.27758646,0.25223768,1.8269137,1.0158819,1.6230406,1.0315745,0.03520534,1.3409239,12.200997,1.6630396,10.363814,0.7797323,1.5509381,8.932587,-20.971674,-1.0693792,0.011002872,1.4226243,0.7564303,1.3392067,13.294458,0.3035114,17.886255,0.30301636,34.30607,0.2609276,753.063,0.22145148,1308.3075,0.15271038,-113.00309,-0.8053515,1868.3168,0.11718511,1128.122,0.21214634,-117.56059,-0.6713048,2917.3997,0.06338575,793.7493,0.33868793,-117.275055,-0.675878,-22.092173,-0.40179053,32.846256,0.30854672,0.07446597,0.29274443,-0.028182032,-0.5591137,0.056858145,0.96990955,25.926117,0.45132107,11.861634,0.7099092,-3.236061,-5.0730767,-36.8292,-0.41052476,-2.488004,10.659508,0.034493603,0.013348179,0.012953951,3.038674,1.9662921,0.25,0.0975412,0.23857144,0.16889799,-35.449245,18,9,58,SPEAKER_00,1012.1,1021.266667,1014.97784375,1021.266667,3,3.6394482500001004,engaged
40.870255,0.07602178,38.918274,40.77771,42.707428,3.789154,193.23895,440.28934,120.898796,207.48871,0.32958,0.81899446,0.06140656,0.28123713,0.561744,0.5003374,4.8999104,3.4705493,2.8807406,2.0642073,0.09901118,1.235735,17.839874,0.99508446,10.106585,1.0932384,-3.2750351,-4.80033,-28.304626,-0.7910687,0.013167292,1.7580202,0.7556766,1.2744039,12.969031,0.29844472,14.536235,0.6901143,33.21347,0.32516953,785.20447,0.20336771,1307.487,0.18117243,-88.580956,-1.0036992,1910.2512,0.11895592,1115.2448,0.3011662,-94.78016,-0.8110897,2977.622,0.060163714,876.33496,0.39066106,-95.72452,-0.7935793,-22.700903,-0.42464954,33.48515,0.29709837,0.069561966,0.28203794,-0.030548329,-0.49427336,0.13683647,0.9565907,26.965286,0.38141125,10.8287325,1.0627508,-7.617624,-2.1538467,-38.97658,-0.44850984,-4.012355,11.794186,0.04914525,0.0029728913,0.03094812,2.326593,1.872007,0.33372092,0.2595705,0.19098766,0.16459905,-26.728544,18,9,59,SPEAKER_00,1021.3,1081.8,1021.3,1081.8,14,46.004375000001346,disengaged
35.982746,0.063651584,33.789177,35.410305,38.101185,4.312008,80.512794,88.60427,16.181465,7.7935205,0.3271629,0.7606608,0.07668717,0.27923775,0.57466143,0.49797428,4.976746,2.7965715,2.9202638,1.6137624,0.15695293,0.9849711,22.344496,0.90083045,9.550656,1.4176749,-3.9618955,-4.0278277,-13.781434,-1.2495459,0.01596219,1.0736051,1.2106637,0.8808947,9.278241,0.39071515,12.478016,0.98298144,40.30499,0.27116656,763.4219,0.24006775,1493.0546,0.222331,-88.07305,-1.0473255,1849.4434,0.13179722,1297.5177,0.2526126,-96.4685,-0.8356678,2962.8372,0.08285224,1160.8003,0.24914393,-101.01635,-0.75777245,-22.39412,-0.5364721,35.954712,0.27199003,0.07773635,0.22872342,-0.022026323,-0.81562203,0.22367883,0.6400478,34.73562,0.27697212,11.317404,1.2909201,-6.5765553,-2.5370004,-19.562529,-0.69675595,-4.679323,11.70826,0.054010637,0.011159095,0.053963136,4.4077134,2.2408965,0.26375,0.25233597,0.1625,0.14497845,-26.776785,18,9,60,SPEAKER_00,1081.833333,1085.8,1081.833333,1085.8,2,3.646041999999852,engaged
36.382965,0.07412164,34.701546,35.190117,39.256187,4.5546417,854.6959,210.6903,130.62563,167.06747,0.29711968,0.8189129,0.08844381,0.19762976,0.5769246,0.4884808,4.4267063,2.4134414,4.2566433,2.100791,0.15032575,1.0057122,23.384274,0.89694595,14.039289,0.74943215,-5.4710875,-2.856297,-12.271399,-1.2937338,0.013540161,1.0218539,1.1123087,0.9420145,9.552846,0.37233326,13.921604,0.62012726,40.096893,0.19658886,757.6862,0.22545722,1430.8317,0.16357113,-109.42317,-0.8139071,1820.5519,0.123499654,1176.4114,0.21447472,-113.76056,-0.7079017,2962.5776,0.06859471,1056.4952,0.43566582,-117.49922,-0.65140593,-23.089037,-0.41140074,37.27225,0.21928214,0.08321073,0.22076891,-0.023913844,-0.61941695,0.22058888,0.60232645,34.314823,0.29325315,13.877527,0.84452856,-6.260371,-2.6250417,-21.906218,-0.49391714,-12.877861,21.375566,0.071439646,-0.0040234076,0.08070366,3.4334764,2.631579,0.18333334,0.07586537,0.1275,0.10280442,-26.813385,18,9,61,SPEAKER_00,1085.833333,1088.8,1085.833333,1088.8,2,2.342292000000043,disengaged
42.428207,0.12098578,40.04642,42.58527,44.041584,3.995163,305.56558,83.47976,41.519714,28.455038,0.26635876,0.80342066,0.06891693,0.19907077,0.4917649,0.422848,3.1050665,0.98039013,1.7044592,0.9603561,0.07509593,1.0052297,18.127392,1.1266598,5.651791,1.7597226,-10.728954,-1.3909492,-19.99298,-0.9230915,0.019490179,1.1433511,1.0640277,1.0884007,12.116417,0.5061518,11.597337,0.47848675,31.322554,0.3241622,888.6009,0.20692931,1364.5447,0.18511996,-102.177246,-0.82614374,1964.3744,0.14678381,1290.333,0.23376259,-106.77499,-0.70570254,3052.257,0.085056655,1071.4457,0.24858142,-107.976776,-0.67009765,-17.693018,-0.63050646,35.543304,0.35719272,0.07618191,0.22019675,-0.009158134,-2.3511665,0.10483867,0.76250464,27.191813,0.55382687,7.3343096,1.3722014,-15.687737,-0.7513531,-29.073671,-0.4636247,-2.8861609,13.898758,0.04999286,0.015114649,0.034476902,2.793296,4.6242776,0.11625,0.09668732,0.10666667,0.072495215,-28.391504,18,9,62,SPEAKER_00,1088.833333,1091.466667,1088.833333,1091.466667,2,1.806458999999677,engaged
35.86634,0.09503637,34.50806,35.834213,38.08503,3.5769691,294.6817,404.59787,49.159767,61.66909,0.32363406,0.69975734,0.09977722,0.3086058,0.53013295,0.43035573,4.565734,2.0008214,3.778704,1.8654362,0.1397484,0.8019279,28.092882,0.57648414,10.135539,1.407708,-6.433596,-2.5973327,-11.577141,-1.3813038,0.024011683,2.2585902,1.0914534,0.81216043,9.051266,0.4066105,8.27666,1.7610667,36.461777,0.35213402,729.43835,0.2626828,1396.2333,0.16729617,-72.53331,-1.1975527,1804.443,0.14193499,1203.2568,0.24424142,-81.22594,-0.9332602,2941.984,0.08686791,1053.1014,0.2909712,-87.40502,-0.8160755,-20.020056,-0.55965817,35.170574,0.2633222,0.07619448,0.24775739,-0.018672995,-0.9608194,0.17916274,0.57046455,34.63982,0.2671797,9.891456,1.5007378,-8.4342785,-2.1094947,-17.58434,-0.7330997,-10.460407,20.699224,0.050478466,0.009602148,0.051074274,4.399749,2.6481717,0.25261906,0.18857938,0.11729729,0.12371826,-28.4073,18,9,63,SPEAKER_00,1091.5,1109.066667,1091.5,1109.066667,5,15.929792000000134,disengaged
38.55535,0.12105966,35.83282,38.107246,42.843647,7.010826,309.5525,550.92175,69.62,126.23001,0.26376623,0.71040994,0.083870456,0.24620114,0.43282282,0.34895235,4.1702437,2.7171798,2.5003312,1.3451073,0.09774072,0.9987959,28.693083,0.54401916,14.808417,0.71275663,-2.894489,-5.061999,-17.981789,-1.0794352,0.017551636,2.0830224,0.88746434,1.0385358,12.135054,0.34741393,11.9973,1.0742894,38.509468,0.32807833,779.1098,0.26319978,1366.8976,0.18005559,-64.289314,-1.2080575,1882.0051,0.1299205,1186.4937,0.20968775,-77.10194,-0.84882987,3021.5916,0.07226041,1034.8546,0.3069883,-82.32579,-0.7571345,-25.392878,-0.32739174,40.30745,0.19952926,0.07310335,0.26764673,-0.022197269,-0.70750594,0.119464874,0.83988786,34.55968,0.2277123,14.892765,0.67632264,-4.666077,-3.2628222,-25.001389,-0.63288873,-11.628804,20.881556,0.03681989,0.014251625,0.02812707,3.1839623,2.3752968,0.311,0.33616814,0.09315789,0.09319208,-28.903355,18,9,64,SPEAKER_00,1109.1,1119.533333,1109.1,1119.533333,3,8.492707999999993,engaged
36.623455,0.050474558,35.29475,36.560757,38.17176,2.8770103,147.78474,152.05249,20.471132,9.982864,0.27058116,0.88934165,0.044067882,0.19481194,0.4901402,0.4460723,6.83899,3.4095962,1.6344091,2.162229,0.15907356,0.84408516,26.562195,0.59237665,10.961136,1.0263442,-4.985813,-3.0410995,-8.740375,-1.8120596,0.028806329,0.904749,1.5503472,0.7533892,7.399825,0.45817643,6.980339,1.4905119,36.110695,0.3045789,772.4102,0.20790157,1420.897,0.18148868,-87.99326,-0.99911785,1831.277,0.121453114,1172.8678,0.2045157,-93.95005,-0.81410503,2995.8308,0.06807077,1052.3838,0.23186232,-99.490166,-0.7222603,-20.537226,-0.532499,36.44654,0.2039146,0.06526687,0.35768306,-0.016627988,-1.3724201,0.210963,0.56092113,34.55028,0.30068386,13.053174,0.87977445,-6.0015154,-2.627611,-14.937084,-1.0483053,-11.433511,20.63012,0.0382276,0.0130751915,0.051184364,4.587156,4.854369,0.12,0.057271283,0.11,0.06377042,-29.470589,18,9,66,SPEAKER_00,1120.233333,1122.066667,1120.233333,1122.066667,2,1.1077090000001135,engaged
35.794518,0.07420147,34.338364,35.370403,37.356014,3.0176506,276.66254,322.72516,37.313885,55.604656,0.3130473,0.62532264,0.13504349,0.2909722,0.46814698,0.33310348,4.605697,2.7199411,2.6847994,1.3877249,0.11671417,0.7914506,27.064678,0.755748,11.56192,1.2764472,-8.343576,-1.8205277,-11.932058,-1.2919294,0.017000088,1.8185738,1.0531461,0.8650468,9.154857,0.42422226,8.605122,1.1841629,38.282673,0.3074163,716.00037,0.2616523,1408.1085,0.16875748,-62.12604,-1.3314458,1783.8771,0.14076908,1226.441,0.21895716,-72.93687,-0.99414724,2946.8323,0.08577334,1067.2502,0.26596817,-80.36136,-0.84442407,-19.72541,-0.57952917,35.785686,0.28188092,0.07164233,0.25329787,-0.017659653,-1.0005313,0.14177914,0.63488764,34.979,0.31548133,11.69501,1.2903483,-9.08459,-1.7289375,-16.337225,-0.8309261,-3.565127,13.108524,0.046323374,0.011750422,0.047244903,4.101327,2.0631068,0.35058823,0.28753456,0.114117645,0.093497954,-29.88132,18,9,67,SPEAKER_00,1122.1,1131.166667,1122.1,1130.79096875,2,8.302843750000193,disengaged
39.81964,0.10301986,37.823677,39.61533,41.641224,3.8175468,125.24054,206.73264,273.1404,797.3394,0.29301086,0.9754341,0.021642657,0.21735878,0.5378361,0.5161934,3.7403474,2.8398,2.5346694,2.6423695,0.08233151,1.5672225,14.70714,1.1940861,12.985082,0.93387383,-0.1485333,-92.18498,-24.631138,-0.9456948,0.014229227,2.4024725,0.7091722,1.3022318,12.792546,0.32058415,13.372863,0.8090757,31.224611,0.4229744,793.2688,0.20763546,1325.2839,0.19400483,-100.32395,-0.89991254,1936.5289,0.12308556,1109.283,0.29808187,-106.16637,-0.7428533,2973.8809,0.06779245,872.865,0.40688017,-105.269516,-0.75580716,-22.16759,-0.4047458,31.239773,0.338368,0.07215874,0.31642056,-0.031757504,-0.5094483,0.12412008,1.1578997,25.13534,0.43272665,15.927683,0.78401023,-2.7873888,-5.2811184,-38.659843,-0.44452682,-4.4952936,12.185499,0.034906138,0.013830329,0.02561745,1.6623741,1.7116061,0.32767123,0.35074294,0.24599999,0.4762304,-26.759508,18,9,70,SPEAKER_00,1132.6,1214.533333,1132.6,1208.97284375,15,42.72409375000075,engaged
41.02393,0.059044186,39.019554,41.090546,42.21692,3.1973648,22.63445,22.613499,26.312643,33.56201,0.2907148,0.83051074,0.034949213,0.26314652,0.5051122,0.47016296,3.8036919,2.0072339,2.1950192,2.030245,0.06876457,1.1688244,17.452646,0.8712537,7.893347,1.3454546,-0.14810582,-98.39979,-24.710136,-0.8929544,0.012685689,2.0569298,0.6849371,1.4276886,13.844758,0.2435764,15.91056,0.5312221,29.810686,0.33555645,788.63104,0.23051012,1346.1194,0.1742493,-105.45901,-0.8379009,1899.9998,0.13761732,1181.5194,0.25432003,-106.46322,-0.7433454,2946.3499,0.062815174,840.1479,0.35793293,-106.48197,-0.7398746,-22.513542,-0.321331,33.544224,0.22127344,0.067242384,0.31961897,-0.025359692,-0.6153756,0.10134702,0.8605445,27.761759,0.2446962,10.58555,0.8324799,-3.8638642,-3.969037,-35.9902,-0.4003432,-4.9889164,13.183151,0.04147221,0.0037046333,0.025061084,2.2318215,1.5895953,0.3518182,0.34990436,0.25545454,0.1393076,-27.141182,18,9,70,SPEAKER_01,1132.6,1214.533333,1175.96534375,1214.47409375,8,13.904999999999518,engaged
41.538185,0.023049721,40.60572,41.90752,42.260056,1.654335,11.189392,8.054819,7.9387946,3.957456,0.33188838,0.65550524,0.1385122,0.31127092,0.5804583,0.4419461,1.9483181,1.0043821,1.8053814,0.27139655,0.07576364,0.82638854,20.926573,0.71868813,6.9982495,1.4006432,-5.956656,-2.5602,-27.5375,-0.7064291,0.012772901,0.9845738,0.6091455,1.3216276,13.8340225,0.25692046,11.187978,0.5800336,33.962517,0.37646416,894.5369,0.101971604,1235.7749,0.101193026,-56.587585,-1.2258958,1950.0605,0.07870105,1180.6871,0.16907786,-73.15618,-0.8384233,3037.6658,0.04668705,836.44183,0.23787917,-75.06713,-0.80382913,-22.988539,-0.32822376,36.190247,0.23227578,0.054726418,0.17461818,-0.017572653,-1.001196,0.0890138,0.63888985,27.89071,0.2939788,9.767577,0.7361687,-10.25533,-1.4138416,-33.72323,-0.44959143,1.755029,4.613225,0.048045665,0.017985955,0.044849556,2.9126215,1.0204082,0.78,0.0,0.085,0.024999999,-27.076218,18,9,71,SPEAKER_01,1214.566667,1219.2,1215.1490937500002,1217.03909375,3,1.0462499999996453,disengaged
41.56034,0.03516702,41.155125,41.537613,42.209785,1.0546608,23.632212,8.843407,2.084187,8.966173,0.33447108,0.7810353,0.08823221,0.26275992,0.60247475,0.51424253,3.7558994,2.1180224,2.1932309,0.82767576,0.083409175,1.0343082,13.516385,1.358169,7.4200606,1.5590866,2.6517453,4.4894023,-21.020643,-0.79034156,0.008226096,1.3438007,0.41281798,1.0543171,14.966551,0.15879624,16.321115,0.43898058,28.504128,0.4002481,825.2927,0.2112317,1332.5027,0.17914021,-112.03596,-0.7643411,1935.2946,0.11796726,1160.682,0.31615162,-110.58403,-0.71233356,3045.112,0.06657327,866.3487,0.33226144,-111.98572,-0.69206625,-25.09511,-0.1670077,37.020058,0.16319895,0.065138586,0.21111524,-0.021683618,-0.57307464,0.13221186,0.68033755,27.718693,0.2500034,11.334804,0.72397184,-2.788035,-4.138055,-31.421057,-0.2820594,-0.1160905,6.041786,0.035391223,0.013504294,0.02733173,2.9411764,1.5075377,0.35999998,0.3465064,0.28333333,0.07717224,-25.089106,18,9,71,SPEAKER_00,1214.566667,1219.2,1216.02659375,1218.82784375,2,2.0587500000001455,disengaged
35.24013,0.04520932,34.409397,35.43791,35.95774,1.5483437,173.27196,106.28653,24.17334,28.73714,0.29482713,0.5745106,0.1369416,0.27075592,0.44068265,0.30374104,4.177598,1.8309977,3.6419573,1.6077896,0.111892104,0.7461359,27.903643,0.5854242,15.099947,0.9898691,-5.7337866,-3.5967548,-14.192078,-0.8187606,0.016175032,1.7389625,0.874864,0.6547165,9.042066,0.39698458,12.83838,0.66071105,39.58957,0.20531899,709.95667,0.2651835,1359.5516,0.13589169,-55.697006,-1.419386,1783.6082,0.1273739,1193.1785,0.34185615,-70.36321,-0.9583352,2875.3862,0.08666503,978.2276,0.26515946,-76.260254,-0.8338689,-20.673695,-0.5436196,34.60482,0.29581085,0.08572389,0.16800445,-0.018065438,-0.9307457,0.12522884,0.6270281,31.31863,0.41412374,17.650696,0.8191821,-5.3458886,-3.9133804,-17.82227,-0.53937024,-6.7017365,18.4956,0.07618149,0.0043343743,0.06850343,4.2328043,3.888889,0.18571427,0.133187,0.058333334,0.038908724,-31.35578,18,9,72,SPEAKER_00,1219.233333,1223.1,1221.1903437500002,1223.1,1,1.9096562499996708,engaged
36.175,0.059088796,35.03932,36.205196,37.671898,2.632576,123.43613,254.11734,44.938824,80.58735,0.29843962,0.6797737,0.10216118,0.2859324,0.46854663,0.36638546,4.4338126,2.3770475,3.2308502,1.7648338,0.12946591,0.82158166,26.204317,0.6938975,12.529434,1.1240888,-5.5138836,-2.7456234,-9.878909,-1.5618944,0.021836199,2.3727577,1.1099265,0.69510645,9.002811,0.36467344,9.585097,1.3753568,35.247692,0.37637988,721.2632,0.29467663,1383.3751,0.16211946,-68.56696,-1.2358025,1797.933,0.15728234,1189.6282,0.248842,-77.54249,-0.9538867,2915.531,0.10103982,1050.772,0.24076943,-83.76259,-0.8327124,-19.835981,-0.5506185,35.07422,0.29050192,0.075210705,0.27436662,-0.015702153,-1.083847,0.1643079,0.6000207,33.494164,0.30346823,12.335271,1.2407458,-5.9936566,-2.7133021,-14.401397,-0.93503904,-8.0066185,17.228254,0.049227573,0.011232741,0.039290093,3.5947714,2.1929824,0.3195,0.27920377,0.12210526,0.095508546,-28.9868,18,9,73,SPEAKER_00,1223.133333,1236.533333,1223.133333,1236.533333,4,9.198125000000573,disengaged
36.547577,0.14129815,34.97683,36.114483,37.648777,2.6719475,382.86224,742.227,60.856953,80.14574,0.28529057,0.6674631,0.116052836,0.2581049,0.44150832,0.3254555,4.768563,2.7389226,3.214852,1.7980181,0.11508582,0.8233736,24.779987,0.7858826,13.641468,0.95918787,-2.37889,-6.53018,-12.828542,-1.1810001,0.021490626,1.4944931,1.2314576,0.72363156,8.451341,0.46542135,7.6990976,2.2896307,32.991688,0.55090076,708.1848,0.28876302,1392.9174,0.16996835,-73.16843,-1.146518,1800.9595,0.15454519,1204.3759,0.24538632,-80.23661,-0.900733,2911.0232,0.09582379,1046.7507,0.27303615,-84.88282,-0.8109404,-19.68756,-0.5825253,32.910606,0.37101024,0.07235497,0.34369838,-0.016779581,-0.9657831,0.14536245,0.6449079,31.502254,0.43709275,13.353369,1.0030284,-3.220193,-5.3383965,-17.45965,-0.7528099,-9.74455,17.315838,0.051298212,0.0043738587,0.044799566,3.903904,3.4205232,0.19705883,0.18657169,0.08096774,0.06087294,-30.030174,18,9,74,SPEAKER_00,1236.566667,1249.466667,1236.566667,1249.4222187500002,6,10.003676750000977,engaged
35.913124,0.15410465,33.452446,37.88463,39.09761,5.6451645,122.707184,38.867012,70.19408,61.968407,0.18275586,0.9674832,0.005801538,0.121082924,0.36140668,0.35560516,2.565848,1.8150412,1.7932377,0.7211743,0.061438743,1.2240481,14.520159,1.3352635,9.559002,0.9002053,-0.26549628,-49.36264,-28.844675,-0.7310084,0.033717033,1.5602984,1.0122229,0.9868644,9.625695,0.48697597,6.9149013,1.6640275,30.301525,0.34910297,786.32367,0.16669023,1278.3834,0.16919135,-117.402054,-0.8104342,1959.1813,0.1185046,1153.7611,0.26224643,-125.19177,-0.6571795,2950.047,0.05834846,744.85406,0.35819203,-124.18413,-0.67166936,-21.515995,-0.41148528,31.9338,0.252995,0.08487336,0.20520233,-0.041854486,-0.41811255,0.106950566,0.7305191,30.087328,0.26894987,12.689365,0.7285473,-3.4656723,-3.8639126,-44.60333,-0.27468428,-4.6925793,12.900268,0.044199664,0.011154859,0.026819991,2.2573364,2.0547945,0.20555554,0.30481726,0.2588889,0.29703888,-33.98403,18,9,76,SPEAKER_00,1251.033333,1262.9,1251.033333,1262.9,6,4.44166700000028,engaged
36.224266,0.12437976,34.74276,35.87825,37.27271,2.5299492,1105.6078,932.5164,41.428883,39.42284,0.27338362,0.70822674,0.10924558,0.22772111,0.4325146,0.323269,3.647418,1.9698522,2.8966513,1.645184,0.10787308,0.9401514,23.300655,0.93716997,13.586382,0.9650031,-2.5917482,-5.462282,-15.461176,-1.1211376,0.027627626,1.4638829,1.1229197,0.81310505,9.018416,0.43904674,9.21971,1.2248594,35.01889,0.29558903,709.21075,0.25005728,1341.119,0.19226474,-74.05301,-1.1595824,1867.9313,0.13591687,1128.1135,0.33500457,-84.3983,-0.87302756,2946.2874,0.075773746,1070.6166,0.29447243,-87.3664,-0.8169332,-22.15781,-0.5146855,32.43943,0.32787642,0.07930172,0.22054881,-0.024477648,-0.65588105,0.14479744,0.71606255,31.511505,0.43607482,14.40218,0.9481516,-2.0971599,-7.6184535,-20.079771,-0.7213512,-5.984427,14.391564,0.049243376,0.0055056876,0.03641399,4.3137255,4.016064,0.161,0.13374975,0.09571428,0.058274508,-29.915455,18,9,77,SPEAKER_00,1262.933333,1265.966667,1262.933333,1265.966667,2,2.5608339999996588,disengaged
34.94749,0.08309863,33.905884,35.394344,36.7992,2.8933144,167.58409,166.23491,104.3401,83.290215,0.27886495,0.59081656,0.15872237,0.23128478,0.4130951,0.25437272,4.1555004,2.0394757,2.1797433,1.7573051,0.10014774,0.85268056,29.744953,0.25550723,6.4060345,2.0259545,-1.3101946,-14.089594,-16.62349,-1.1907798,0.048602037,1.6353362,1.34016,0.7734006,7.578162,0.55915415,10.995287,0.77478,32.925102,0.3320369,807.11804,0.24699476,1324.4414,0.20872553,-73.418655,-1.1258963,1883.9025,0.17790247,1037.5839,0.35268015,-78.60343,-0.93527216,2897.5625,0.07903938,991.04333,0.45550147,-83.22813,-0.84463036,-17.158058,-0.62140644,29.146755,0.3900607,0.07546569,0.20866822,-0.016400838,-1.4944526,0.12410812,0.77673835,30.807579,0.25721264,7.0838428,2.0784202,-0.8160793,-22.7234,-16.733973,-1.1823554,-13.662689,22.144506,0.07022458,-0.016719334,0.043847978,4.901961,5.2083335,0.12399999,0.07939773,0.0625,0.029474566,-31.903149,18,9,78,SPEAKER_00,1266.0,1267.033333,1266.0,1267.033333,1,1.0333330000000842,engaged
38.75686,0.11556988,35.541203,38.748127,42.055286,6.514084,261.52225,453.02887,95.826904,265.60663,0.3241839,0.8868438,0.07038489,0.2560605,0.5385379,0.46815303,5.556805,3.6137185,3.606682,2.381597,0.13388543,1.324414,20.849298,0.7683551,8.835711,1.5205078,-7.018229,-2.1433141,-24.975014,-0.85603434,0.02050992,1.8587326,1.0109764,0.9480702,10.403473,0.40019897,9.165933,1.2297801,31.422018,0.350773,780.821,0.21275526,1304.2808,0.1807075,-83.72692,-1.0769109,1892.7045,0.13218713,1090.6746,0.3055314,-91.700226,-0.85997164,2945.6746,0.0746717,910.66345,0.36218536,-93.72816,-0.8224583,-19.010902,-0.51087344,30.69898,0.33049268,0.07321044,0.27158362,-0.026422903,-0.64691114,0.18200742,1.0429548,27.416798,0.41879222,8.628512,1.6563491,-8.311048,-1.9182127,-32.51685,-0.60553294,-8.551012,18.199787,0.04262516,0.0015316115,0.048830744,2.8767982,2.3779724,0.25936842,0.20672542,0.15321839,0.24994248,-27.686531,18,9,79,SPEAKER_00,1267.066667,1390.4,1267.066667,1388.86034375,37,79.96055174999833,disengaged
