SlNo,F0semitoneFrom27.5Hz_sma3nz_amean,F0semitoneFrom27.5Hz_sma3nz_stddevNorm,F0semitoneFrom27.5Hz_sma3nz_percentile20.0,F0semitoneFrom27.5Hz_sma3nz_percentile50.0,F0semitoneFrom27.5Hz_sma3nz_percentile80.0,F0semitoneFrom27.5Hz_sma3nz_pctlrange0-2,F0semitoneFrom27.5Hz_sma3nz_meanRisingSlope,F0semitoneFrom27.5Hz_sma3nz_stddevRisingSlope,F0semitoneFrom27.5Hz_sma3nz_meanFallingSlope,F0semitoneFrom27.5Hz_sma3nz_stddevFallingSlope,loudness_sma3_amean,loudness_sma3_stddevNorm,loudness_sma3_percentile20.0,loudness_sma3_percentile50.0,loudness_sma3_percentile80.0,loudness_sma3_pctlrange0-2,loudness_sma3_meanRisingSlope,loudness_sma3_stddevRisingSlope,loudness_sma3_meanFallingSlope,loudness_sma3_stddevFallingSlope,spectralFlux_sma3_amean,spectralFlux_sma3_stddevNorm,mfcc1_sma3_amean,mfcc1_sma3_stddevNorm,mfcc2_sma3_amean,mfcc2_sma3_stddevNorm,mfcc3_sma3_amean,mfcc3_sma3_stddevNorm,mfcc4_sma3_amean,mfcc4_sma3_stddevNorm,jitterLocal_sma3nz_amean,jitterLocal_sma3nz_stddevNorm,shimmerLocaldB_sma3nz_amean,shimmerLocaldB_sma3nz_stddevNorm,HNRdBACF_sma3nz_amean,HNRdBACF_sma3nz_stddevNorm,logRelF0-H1-H2_sma3nz_amean,logRelF0-H1-H2_sma3nz_stddevNorm,logRelF0-H1-A3_sma3nz_amean,logRelF0-H1-A3_sma3nz_stddevNorm,F1frequency_sma3nz_amean,F1frequency_sma3nz_stddevNorm,F1bandwidth_sma3nz_amean,F1bandwidth_sma3nz_stddevNorm,F1amplitudeLogRelF0_sma3nz_amean,F1amplitudeLogRelF0_sma3nz_stddevNorm,F2frequency_sma3nz_amean,F2frequency_sma3nz_stddevNorm,F2bandwidth_sma3nz_amean,F2bandwidth_sma3nz_stddevNorm,F2amplitudeLogRelF0_sma3nz_amean,F2amplitudeLogRelF0_sma3nz_stddevNorm,F3frequency_sma3nz_amean,F3frequency_sma3nz_stddevNorm,F3bandwidth_sma3nz_amean,F3bandwidth_sma3nz_stddevNorm,F3amplitudeLogRelF0_sma3nz_amean,F3amplitudeLogRelF0_sma3nz_stddevNorm,alphaRatioV_sma3nz_amean,alphaRatioV_sma3nz_stddevNorm,hammarbergIndexV_sma3nz_amean,hammarbergIndexV_sma3nz_stddevNorm,slopeV0-500_sma3nz_amean,slopeV0-500_sma3nz_stddevNorm,slopeV500-1500_sma3nz_amean,slopeV500-1500_sma3nz_stddevNorm,spectralFluxV_sma3nz_amean,spectralFluxV_sma3nz_stddevNorm,mfcc1V_sma3nz_amean,mfcc1V_sma3nz_stddevNorm,mfcc2V_sma3nz_amean,mfcc2V_sma3nz_stddevNorm,mfcc3V_sma3nz_amean,mfcc3V_sma3nz_stddevNorm,mfcc4V_sma3nz_amean,mfcc4V_sma3nz_stddevNorm,alphaRatioUV_sma3nz_amean,hammarbergIndexUV_sma3nz_amean,slopeUV0-500_sma3nz_amean,slopeUV500-1500_sma3nz_amean,spectralFluxUV_sma3nz_amean,loudnessPeaksPerSec,VoicedSegmentsPerSec,MeanVoicedSegmentLengthSec,StddevVoicedSegmentLengthSec,MeanUnvoicedSegmentLength,StddevUnvoicedSegmentLength,equivalentSoundLevel_dBp,start_time,end_time,label
0,41.845314,0.042590853,40.96855,42.07511,42.665207,1.6966553,8.748305,6.6931453,490.76218,489.91483,0.3196496,1.1023967,0.010635271,0.06975288,0.71382856,0.7031933,5.0368085,6.9138665,2.9474173,3.3643625,0.056233067,3.5956762,19.78663,0.43540475,8.025044,1.136238,-2.3203132,-7.0656824,-16.894884,-1.5463247,0.0057699066,1.592859,0.4618249,1.6515517,14.918925,0.21390633,16.465525,0.538153,33.73744,0.37160745,780.53754,0.17160721,1276.7162,0.18745276,-116.44143,-0.82856977,1935.2574,0.08869893,1005.9202,0.24098405,-120.02921,-0.7199974,3040.6333,0.051979426,830.28217,0.3803251,-121.81304,-0.6916888,-21.822153,-0.32023716,30.491209,0.24168156,0.056070592,0.258171,-0.0341914,-0.42208385,0.08422023,0.70918703,24.830227,0.23489743,2.950678,3.227853,-15.853655,-0.81676227,-41.86212,-0.31381875,-17.693676,26.740133,-0.019234968,0.018315006,0.034296323,1.1550152,0.42682928,1.0814285,1.1945642,1.0849999,2.4621434,-24.427216,0,16.466667,disengaged
1,34.409702,0.14913122,29.628353,35.50858,37.769146,8.140793,455.35123,493.11438,52.275795,49.033764,0.31926754,1.189574,0.008665048,0.17910178,0.6173564,0.6086914,6.920725,5.2314544,4.3975735,3.5505443,0.1610232,1.4617268,21.658916,0.81222063,11.14713,1.0173304,0.5835974,26.615782,-5.4788485,-3.4698055,0.016514895,1.1918532,1.1451195,0.7428368,8.35015,0.42098692,3.667362,4.2572784,33.48347,0.4959861,710.14716,0.278065,1355.1731,0.17082426,-112.49106,-0.84248847,1805.5981,0.15285315,1195.9452,0.24591407,-117.07426,-0.72544545,2926.2756,0.09997214,1084.7648,0.3211205,-121.04731,-0.66661745,-18.133123,-0.6154021,32.376434,0.33159092,0.07219361,0.28709733,-0.024406785,-0.78601927,0.30526367,0.8540777,34.20464,0.35501927,9.2494335,1.4789088,-6.0782332,-2.8032928,-17.492493,-0.9105144,-10.817438,20.41017,0.018452145,0.016935168,0.027046042,2.3616238,1.7049667,0.2726087,0.23976831,0.32095236,0.46362856,-24.37448,16.5,30.066667,engaged
2,35.24491,0.123849206,34.669514,35.96116,36.674446,2.0049324,261.05435,145.10628,42.417885,20.624113,0.15046304,1.5471313,0.0047216946,0.010642923,0.30029202,0.2955703,4.9337025,2.3706875,2.7597384,1.8628713,0.06877273,1.6572967,13.700666,1.3394761,9.778848,0.955897,-1.9762341,-6.458953,-6.307456,-2.401264,0.035593275,1.5525155,1.3375188,0.7580417,7.24967,0.45244676,-2.9645612,-5.7346396,30.258747,0.5589231,651.9368,0.29481384,1389.6047,0.12698208,-154.80968,-0.5207086,1725.4385,0.17438066,1167.0712,0.19504903,-153.02403,-0.4982459,2852.6558,0.102759786,964.99896,0.25287062,-155.5727,-0.4621577,-18.835548,-0.4159255,33.474133,0.2230728,0.08167707,0.17218287,-0.026295941,-0.43555003,0.21556419,0.5534757,35.425735,0.1978059,6.137985,2.1218681,-11.024751,-1.2671281,-26.329746,-0.30773425,-9.123962,18.617079,0.031993225,0.02611579,0.015552129,1.6701461,1.6877638,0.15124999,0.080690384,0.48,0.5833646,-32.028275,30.1,34.9,disengaged
3,37.83075,0.13239379,35.009323,36.90508,39.250954,4.2416306,188.0579,238.44232,262.3181,560.892,0.20789903,1.1583234,0.0063531357,0.11073745,0.39701894,0.3906658,5.352166,3.778147,3.4412696,2.2848988,0.096641414,1.5127392,14.847876,1.2197038,9.613871,1.295341,-3.2942235,-4.4731107,-9.833077,-1.9859174,0.0201871,1.4746293,1.1498618,0.86950177,9.540832,0.45433605,8.313974,1.3788317,33.00707,0.39891133,760.234,0.25281432,1369.5837,0.18874712,-132.1912,-0.6676615,1849.1437,0.13774508,1170.2386,0.24974066,-133.26143,-0.6015071,2956.9712,0.083550915,1005.14075,0.29929316,-135.57864,-0.5683203,-20.053375,-0.60603005,34.045277,0.31025082,0.07491291,0.26399663,-0.022135358,-0.92024416,0.19826989,0.85433954,29.914398,0.38694194,12.020633,1.2692168,-7.4883776,-2.379012,-22.846502,-0.7328379,-7.4426403,17.109764,0.035613123,0.018111864,0.029642463,2.5870647,2.0930233,0.17999999,0.19291416,0.28491804,0.46075353,-29.43464,34.933333,65.1,engaged
4,35.719933,0.09922154,32.876717,35.29092,39.39736,6.520645,117.68396,89.66742,109.93742,96.97332,0.2128894,1.0170671,0.019266695,0.13601282,0.45217332,0.43290663,4.275709,1.7174472,3.7157505,4.141717,0.10071974,1.247448,20.336273,0.81646776,12.50684,1.1113901,-0.25265324,-59.055256,-6.865783,-2.2666662,0.02700301,1.7681366,1.3355309,0.62256724,9.136717,0.33544984,8.746609,1.6486987,36.78058,0.32648388,693.80237,0.25653717,1516.7382,0.2107215,-109.20075,-0.8448801,1792.0206,0.13365182,1259.1283,0.24082345,-112.91808,-0.7348797,2924.58,0.08897251,1106.5514,0.23998642,-116.19531,-0.68561804,-25.784187,-0.33369407,37.135693,0.21069662,0.07067895,0.2526677,-0.024561437,-0.43995652,0.17991003,0.7509481,32.791363,0.17687573,15.929814,0.87379396,-2.1453598,-7.677379,-15.639817,-0.93714714,-8.929391,17.528612,0.047544457,0.008751708,0.02341786,3.0864198,1.9108281,0.26,0.014142135,0.23666665,0.15107025,-29.657701,65.133333,66.766667,disengaged
5,36.369278,0.018125298,35.8662,36.121952,36.983063,1.1168633,34.613228,0,-12.873375,0,0.14327365,1.6248624,0.004484202,0.0061087967,0.33488458,0.33040038,2.476799,1.9660832,0.6217052,2.176358,0.055108935,1.6888151,10.363625,1.6592413,9.290353,0.8412399,0.35294023,28.744171,-5.2201066,-2.1360888,0.010084485,0.91809857,0.96269846,0.76165545,10.323844,0.19500686,-4.6163564,-1.2807014,27.1605,0.33207926,576.5439,0.35515466,1429.7021,0.12389114,-174.14597,-0.36404428,1529.0615,0.19527124,1089.9666,0.2562074,-168.80762,-0.3967785,2701.336,0.10088766,942.7711,0.27382115,-171.2255,-0.36093256,-13.177983,-0.40973222,27.195202,0.2601387,0.07610411,0.11362237,-0.01822257,-0.47035277,0.20219119,0.3852979,33.666553,0.2950277,3.3352704,2.8052015,-12.477818,-1.0134246,-16.186924,-0.5138507,-6.11434,15.739916,0.03714886,0.029483093,0.015830815,1.3793104,1.438849,0.114999995,0.065,0.56,0.48,-32.42477,66.8,68.266667,engaged
6,35.26514,0.09969306,34.218327,35.732983,37.690815,3.4724884,351.2786,443.115,32.333717,35.46145,0.34403005,0.7467141,0.100596696,0.29132688,0.58239317,0.48179647,5.2746196,2.07798,4.3544064,2.7946858,0.14572173,0.8418458,27.866343,0.5273736,8.613628,1.8665662,-7.255265,-2.3956254,-7.014305,-2.1506119,0.019574674,1.4162121,1.1454263,0.8247323,8.727368,0.40044567,6.55813,1.8186482,35.985443,0.3344961,724.55084,0.28540716,1403.2181,0.19189768,-65.804,-1.2670279,1808.213,0.14786907,1199.8281,0.29319897,-74.18542,-1.0105375,2948.9805,0.097639486,1114.4414,0.27515617,-81.72365,-0.85714734,-18.448244,-0.68062526,32.661785,0.30975112,0.073840074,0.19551016,-0.015686978,-1.0853006,0.18833691,0.6213326,33.25905,0.29215914,8.559651,2.0151682,-8.577816,-2.1564643,-12.587671,-0.98926914,-11.3951435,22.092854,0.040525813,0.012806977,0.032711193,4.433498,2.9850748,0.23166665,0.14701663,0.105714284,0.09685884,-28.210209,68.3,74.4,disengaged
7,35.707527,0.09204976,34.754795,36.00981,37.853283,3.0984879,274.53638,340.27716,49.926147,81.386086,0.26573688,0.96931213,0.008292157,0.19853656,0.48030537,0.4720132,5.0141296,2.6966822,4.0809283,1.9649223,0.12544987,1.0989949,21.951488,0.84008837,12.118402,1.0294312,-0.98704153,-16.300503,-6.0680656,-2.811087,0.023876738,1.8264378,1.2141995,0.77969885,8.749938,0.40457293,7.616353,1.5533534,36.294945,0.28647947,729.3825,0.26747304,1403.4781,0.17400226,-101.96334,-0.89922494,1822.3265,0.14095864,1175.5597,0.2654333,-106.7513,-0.7728244,2958.8447,0.084251575,1052.5573,0.3159666,-111.40298,-0.6992555,-20.825043,-0.5236148,34.15888,0.27855903,0.07484641,0.21511588,-0.021924049,-0.7344544,0.2044215,0.656762,33.68697,0.28528696,12.339368,1.1509771,-4.6903415,-4.010955,-16.83126,-0.7257925,-11.648568,21.415516,0.022627655,0.018628001,0.031185191,3.3207548,2.2727273,0.23166665,0.15345104,0.19310345,0.42505252,-28.449373,74.433333,87.7,engaged
8,36.897327,0.04560692,35.59624,37.033295,38.445568,2.849327,109.17934,165.79718,12.433707,9.335405,0.3231043,0.7542225,0.007095751,0.2960465,0.5671559,0.56006014,4.3985376,4.7836094,3.1912963,1.1286091,0.14145385,0.8795297,23.295828,0.7687308,13.871255,1.04938,-1.207558,-13.583081,-9.2933655,-1.6590691,0.017991066,1.4880509,0.95789415,0.7864201,10.235859,0.4009831,12.076558,0.7213484,36.815178,0.23160961,797.81213,0.20772888,1382.6296,0.16071981,-72.88649,-1.1307257,1947.9528,0.10353171,1164.9669,0.25591668,-84.87291,-0.8498362,3031.357,0.07139843,1118.8954,0.32396573,-87.63868,-0.79912466,-23.25864,-0.5471578,34.734566,0.32689455,0.07166204,0.25141984,-0.023097962,-0.9104763,0.18774538,0.61846864,31.66606,0.34874868,16.473022,0.9232484,-0.5719352,-29.377007,-15.653269,-0.892609,-6.3833337,17.592648,0.024958191,0.029596519,0.033451576,3.125,1.6042781,0.4333333,0.37383896,0.125,0.11521719,-25.960041,87.733333,89.666667,disengaged
9,38.949123,0.07355273,36.55916,38.505894,39.534622,2.9754639,25.097988,0,303.72266,0,0.07568711,2.0244143,0.005162974,0.00889852,0.08265677,0.077493794,1.618947,0.503646,0.49727926,1.0633914,0.0283536,2.3430953,5.52767,2.9951186,7.4763794,1.8425989,4.2350106,1.8822958,5.8709264,2.1087139,0.014733562,0.77674735,0.7040117,0.8352776,11.32272,0.4251456,19.682543,0.4316676,36.892384,0.29640454,842.22003,0.13127474,1500.8232,0.1414575,-186.64505,-0.24551238,1933.4489,0.07479332,1335.8469,0.16533306,-185.72589,-0.23320144,3045.3271,0.054580245,1121.1168,0.22551936,-185.771,-0.23251244,-32.408012,-0.25717852,44.763275,0.20694013,0.060385797,0.17803772,-0.01578258,-1.1485865,0.18047225,0.6154357,36.26899,0.21814045,26.208912,0.2655585,9.532625,0.98253626,-8.781353,-1.5854142,-4.805221,14.818661,0.021587031,0.03413167,0.00653788,1.5625,1.0752689,0.085,0.065,0.825,0.044999998,-29.75945,89.7,91.633333,engaged
10,35.260735,0.11982566,34.463478,35.719833,37.58268,3.1192017,414.3736,730.64856,24.40237,14.442595,0.22959323,0.8827081,0.04345381,0.17578307,0.4023124,0.3588586,4.906647,2.1980138,2.8065355,1.9531367,0.110524565,1.0932,17.790651,1.3250006,18.467579,0.62479043,-0.20389144,-64.43756,-4.6346445,-3.7818415,0.02655455,1.8261026,1.4160516,0.80153483,8.656603,0.420796,13.472059,0.74785423,37.98848,0.2780546,745.89844,0.25202495,1400.0739,0.16368206,-96.95322,-0.9287598,1871.187,0.12595221,1159.3701,0.2875737,-105.60888,-0.73889357,2972.9226,0.08752408,1077.0808,0.23376438,-107.9673,-0.7028685,-22.559715,-0.51122534,33.501537,0.36700487,0.07540159,0.27781546,-0.020349605,-0.7985192,0.17636691,0.68981844,31.08226,0.4708533,19.932762,0.6019574,1.5985668,9.315571,-13.292388,-1.1765871,-6.4901047,13.699331,0.042768434,0.015604035,0.026570372,3.3185842,2.9082775,0.18538462,0.1184915,0.13538462,0.19676675,-28.982117,91.666667,96.2,disengaged
11,36.494675,0.019166278,35.87608,36.64508,37.053333,1.1772537,4.0969143,4.208876,15.508292,5.190351,0.2996863,0.75791425,0.0051837233,0.3205529,0.4998405,0.49465677,2.7448316,0.804558,2.0196087,1.7884172,0.12584822,1.2118907,20.184244,1.2544669,14.632641,0.81299454,-4.235558,-3.287108,-14.404448,-1.3083684,0.011605339,0.759102,0.6783593,0.5027463,10.919037,0.23997857,3.6348202,3.0393417,34.76009,0.24672158,700.4362,0.2164048,1373.1595,0.15839446,-82.5012,-1.0911821,1866.4719,0.13353643,1173.37,0.20268703,-89.86977,-0.85517734,2969.975,0.09697702,1001.74963,0.27722248,-92.81718,-0.8031107,-22.9721,-0.30418158,35.0659,0.23459871,0.0785274,0.19445293,-0.029385114,-0.3405855,0.18656178,0.8549419,35.67637,0.3000882,14.797592,0.6552288,-5.2730308,-3.0324671,-26.470066,-0.37019554,2.658842,4.5732517,0.03593256,0.045660015,0.000817813,4.3478265,1.1627908,0.57,0,0.26999998,0,-28.643816,96.233333,97.166667,engaged
12,36.149292,0.12726158,34.97947,36.075634,37.51802,2.5385513,869.8373,1498.5331,52.14556,57.63801,0.30637345,0.8120494,0.07178044,0.26865262,0.53917056,0.46739012,5.8510933,3.0364847,3.376587,1.9745767,0.137878,0.9252852,24.978872,0.77136636,11.075903,1.1740729,-4.3832307,-3.8425853,-7.754853,-1.8238115,0.03663543,2.4655266,1.2711697,0.84873885,8.916138,0.4203591,6.604945,1.7049135,33.47914,0.40510905,713.87134,0.25727758,1397.5402,0.16294333,-73.77908,-1.1666608,1775.6212,0.14121138,1171.5498,0.24591437,-80.68158,-0.95721024,2921.9338,0.08744796,1023.03394,0.29257426,-87.23422,-0.8274069,-19.24283,-0.6014685,33.556213,0.32844737,0.06914436,0.2971787,-0.014905959,-1.0832133,0.18279435,0.67423,32.386936,0.39865237,11.334062,1.2724832,-6.7661705,-2.8068094,-13.148064,-0.95135725,-8.618705,17.134212,0.037120752,0.017012602,0.034511995,3.90625,2.7667985,0.24071428,0.22682479,0.109230764,0.15334533,-27.949345,97.2,102.333333,disengaged
13,37.272324,0.07226834,34.456753,37.481483,39.991753,5.535,65.37414,30.983835,20.634295,9.099731,0.036104795,2.1252778,0.004504091,0.005314177,0.028452039,0.023947947,2.1182568,2.5316858,1.1760057,1.2539978,0.014644219,3.6877756,2.7351701,4.680305,9.063214,0.7741052,2.3692694,2.744699,3.1327536,4.3676767,0.017792482,0.91294384,1.3034371,0.9270552,10.66658,0.3566708,18.783537,0.39037463,40.308773,0.17977712,841.3708,0.16872734,1446.8286,0.15502729,-186.3824,-0.2553326,1972.9719,0.08657113,1305.4722,0.18146779,-187.33063,-0.22894073,3023.9656,0.05274645,1103.2871,0.24032077,-187.37,-0.22831464,-28.749796,-0.2741537,40.329086,0.25519773,0.063536994,0.31801572,-0.020719409,-0.6232648,0.13204946,1.0450757,33.033005,0.26631328,23.627928,0.2934067,4.1059017,1.5803282,-19.977789,-0.5276993,-5.3553452,15.036959,0.018030081,0.035436902,0.003680055,1.216545,0.48959607,0.17,0.119791485,1.8525,2.6216824,-39.587708,102.366667,110.6,engaged
14,43.431583,0.15148215,39.434963,41.56777,48.534664,9.099701,60.120636,13.47967,225.00586,354.99673,0.099436454,1.0632354,0.0057744253,0.06023364,0.22322877,0.21745434,1.8095143,0.9543713,1.6267955,1.0809281,0.027887862,1.4165087,8.737542,2.6914206,6.9537,1.2516152,-4.301105,-3.0620108,-10.731132,-1.8636264,0.022234453,1.4416587,0.9355652,1.0224315,10.874192,0.72299373,9.11173,3.8251903,29.168743,1.2382587,865.4153,0.13225724,1115.289,0.19555722,-145.4461,-0.5583527,1975.4846,0.07925044,1030.09,0.1315911,-148.20645,-0.4808795,3035.2498,0.067819774,935.882,0.49742493,-148.46936,-0.4722313,-21.717577,-0.6390441,36.756367,0.41913238,0.07207682,0.42858744,-0.017406488,-1.1708639,0.05742806,0.807851,27.336332,0.62220514,8.441015,1.1441137,-10.534101,-1.3396835,-29.977013,-0.553853,-2.4468853,12.767482,0.031467907,0.02697545,0.012809188,3.7190084,2.1097047,0.156,0.1711841,0.24666665,0.123107895,-37.610252,110.633333,113.066667,disengaged
15,40.731358,0.05461595,38.972683,40.32764,42.958157,3.9854736,23.394194,7.541648,45.23705,18.41531,0.13287422,1.1763251,0.0055688657,0.024725156,0.30026305,0.2946942,2.3067033,2.1192186,1.7561499,1.7639576,0.029585954,1.4965842,7.7502465,2.5225506,10.139831,0.8044137,-1.2920794,-7.4165654,-14.614494,-1.5854824,0.010379453,1.7017707,0.5936474,1.428595,13.874168,0.21984199,20.113182,0.5061658,39.175297,0.22106218,777.02484,0.18750258,1290.732,0.13861884,-142.21649,-0.5940559,1900.8813,0.0950636,1135.9839,0.23038745,-145.82404,-0.50986326,3008.468,0.056283828,829.8621,0.3073253,-146.03137,-0.50662947,-25.290052,-0.38875002,36.147278,0.2629524,0.07386964,0.20026484,-0.029666444,-0.53103507,0.06879782,0.6454103,30.196482,0.29412025,16.034338,0.48034456,-7.996204,-1.2964733,-40.65164,-0.32360083,-1.5764118,10.297116,0.035893142,0.027986689,0.0086586885,1.3175231,0.7968128,0.4283333,0.22908635,0.69,0.4300498,-34.379337,113.1,120.7,engaged
16,35.31602,0.12297267,33.614178,35.908424,39.733177,6.1189995,107.51655,71.09364,42.642815,26.291246,0.28673226,0.93476814,0.053785823,0.19763272,0.55239314,0.4986073,5.9445524,3.1473796,4.267921,2.4555326,0.15411502,1.1387045,19.960724,1.0034283,13.823977,0.91954607,-3.9016685,-3.2618642,-9.864708,-1.5973364,0.03132543,1.6525044,1.6199515,0.840857,9.20396,0.41810548,8.529554,1.483948,35.716797,0.35519436,749.042,0.24135554,1375.0198,0.15096588,-106.158424,-0.8608868,1859.2103,0.1356103,1219.9642,0.3523554,-111.95353,-0.7454907,2944.0527,0.09808086,1109.7921,0.4395063,-114.84374,-0.69976765,-23.834675,-0.3645952,34.418194,0.26928318,0.07518996,0.19111493,-0.027990986,-0.4570651,0.25659597,0.71163875,31.28479,0.33119762,15.184277,0.8038063,-4.057721,-3.6975076,-19.74705,-0.6908077,-9.88603,18.457829,0.047184393,0.008500357,0.05128953,3.5087721,2.857143,0.17,0.09874208,0.18142857,0.21108082,-25.641567,120.733333,123.6,disengaged
17,35.904285,0.07441476,34.462242,35.77883,37.726273,3.2640305,134.08122,142.21796,30.051327,28.588362,0.2717288,0.9097202,0.03258884,0.2062487,0.48222026,0.44963142,5.624665,3.1294188,4.079861,2.2906125,0.13138576,1.1026521,19.31844,1.0533788,11.7462635,1.1145257,-4.9842324,-3.2414043,-7.794803,-1.9951417,0.02137994,1.3967245,1.2860588,0.78604835,8.51714,0.417751,8.765208,1.3913581,36.124043,0.3184897,735.24316,0.26222172,1402.5825,0.14278263,-102.86221,-0.8897014,1819.661,0.14247376,1210.973,0.26481986,-107.32398,-0.7671104,2946.4373,0.08882944,1075.1868,0.2564948,-111.78618,-0.6965481,-19.460743,-0.5784015,34.210835,0.2684947,0.07790594,0.23195201,-0.019123109,-0.8754057,0.21110971,0.68249696,32.054054,0.3196551,12.653127,1.152257,-7.5499716,-2.421661,-16.454227,-0.8057033,-6.393478,15.216367,0.043701258,0.015413421,0.03609013,3.5126235,2.6997247,0.19163264,0.16999814,0.16145834,0.22240156,-28.789743,123.633333,141.866667,engaged
18,36.4634,0.10155002,35.24327,36.816227,39.27346,4.0301895,697.6372,591.0778,46.850468,54.608288,0.41522798,0.5628329,0.24805884,0.34974125,0.6578055,0.40974665,5.2710133,3.6099288,2.8013923,1.9231565,0.20775944,0.6519881,30.026573,0.3727197,14.556481,0.96656203,2.3284032,8.191535,-20.386026,-0.66557366,0.01847315,1.06963,1.1487657,0.8485189,9.682988,0.40864137,6.8281584,1.7513709,32.554653,0.2533861,831.4906,0.2264976,1351.4073,0.13517126,-56.099926,-1.1766678,1931.8296,0.12696089,1281.3182,0.40329105,-66.48182,-0.9050522,3012.0874,0.07381819,1189.963,0.56641865,-70.25707,-0.809522,-21.368958,-0.55449086,35.64685,0.3113711,0.06045908,0.2474167,-0.02001648,-0.8465023,0.24126083,0.5787252,31.852438,0.29508853,12.317507,1.2144023,-1.0645046,-18.651297,-20.940708,-0.6486596,-15.772977,24.587324,0.04904591,-0.007411268,0.10392103,7.058824,3.7974684,0.20666665,0.10656244,0.06,0,-24.148245,141.9,142.766667,disengaged
19,40.525097,0.07166667,38.660355,40.23076,42.6384,3.9780464,76.71658,110.52737,23.694427,22.742216,0.21890317,1.1188254,0.009221549,0.13682562,0.40104187,0.3918203,3.9394248,2.7691343,1.9882171,1.3773316,0.057944886,1.7748085,14.798623,1.1549251,11.094673,0.98877555,-2.7994044,-4.424763,-18.820902,-1.2108481,0.011142087,1.822135,0.72454077,1.2817467,13.367031,0.2617548,14.152878,0.7294625,34.496742,0.29797512,802.4848,0.16997296,1279.4808,0.17259035,-108.32095,-0.83565545,1913.5428,0.09266279,1065.0873,0.25400022,-115.44618,-0.68551826,3012.1436,0.05450393,816.2658,0.39384568,-116.46707,-0.6698701,-23.212141,-0.39272335,34.53837,0.30760753,0.066050865,0.31122136,-0.026905984,-0.60280025,0.09763094,1.2726418,26.972101,0.39896145,13.848602,0.854783,-6.843075,-2.0379586,-33.61861,-0.5656743,-4.725588,13.187081,0.033370115,0.020153172,0.012203143,1.7799354,1.6220601,0.31524998,0.24426408,0.30378377,0.5128371,-30.036339,142.8,167.533333,engaged
20,39.612873,0.101402424,37.178402,38.38433,42.0498,4.871399,610.88007,750.84204,56.532894,37.586628,0.44256982,0.8491348,0.03095112,0.36362514,0.85043824,0.8194871,6.5561686,3.1010294,3.1454623,2.2736044,0.1560283,1.2446083,18.510962,0.51870286,7.3175335,1.4498646,-9.585199,-1.351787,-33.070084,-0.717316,0.012653166,1.5496455,0.92242295,1.2261934,11.750566,0.26664892,3.4856243,3.4758768,29.355118,0.39671978,791.1292,0.12277165,1284.7373,0.1400009,-91.25662,-1.0815518,1913.241,0.098950125,1165.7863,0.25179932,-102.53739,-0.816226,2944.8362,0.04883721,658.5616,0.3837096,-102.13409,-0.81818885,-20.11059,-0.41713926,30.208857,0.19442064,0.08232226,0.2552993,-0.04117744,-0.29937994,0.24921043,0.84626764,24.041769,0.18240182,6.963469,1.4499028,-15.456702,-0.72616446,-50.22131,-0.2896934,-10.043686,17.157137,0.041643064,-0.006721525,0.037549213,2.793296,2.3121388,0.2375,0.16482946,0.23666665,0.1302135,-24.359379,167.566667,169.366667,disengaged
21,40.514168,0.07575414,38.8447,40.84261,42.15049,3.30579,421.73483,810.2318,-1.1732508,26.074594,0.3560977,0.9186508,0.038524203,0.26316842,0.65814435,0.61962014,4.650583,2.6015244,2.5835807,1.5175296,0.09677255,1.3996503,12.399893,1.4501874,9.109636,1.385729,-6.3827524,-2.0801516,-27.551933,-0.7898755,0.010572897,2.1146822,0.71722186,1.1973816,13.103426,0.23494828,9.607391,1.173787,30.487513,0.31480557,778.87067,0.17060788,1252.398,0.16509975,-93.282234,-1.0115836,1906.643,0.10691408,1001.75964,0.27505937,-99.722626,-0.8235828,2982.8616,0.05511108,788.1026,0.4763585,-100.953926,-0.7998636,-19.79039,-0.42119145,29.308733,0.3125395,0.06765883,0.25821626,-0.031454954,-0.4608249,0.15091158,1.0058343,23.01167,0.4116067,6.9767094,2.1175418,-11.316762,-1.1843116,-40.639072,-0.40025648,-3.2615216,10.491994,0.042133845,0.0066929134,0.01867605,1.691332,1.6265913,0.3552174,0.18341848,0.26142856,0.26744443,-26.974522,169.4,183.6,engaged
22,36.14211,0.13603164,33.032776,35.250397,39.364223,6.3314476,1392.3776,1106.5074,-0.38095665,8.394937,0.13798462,1.3618497,0.0046688947,0.046242364,0.28005514,0.27538624,3.786099,2.3894897,3.509121,4.5220637,0.06400873,1.6930333,11.469126,1.507394,12.317535,0.9457289,2.051307,6.1585345,-3.5025845,-3.9316242,0.014655309,0.93451196,1.287997,0.8559836,9.341679,0.37781188,8.299472,1.7641531,35.26629,0.32489076,728.41125,0.24932869,1441.799,0.15549338,-139.68669,-0.6113732,1833.3313,0.116790265,1206.2604,0.23876823,-141.57817,-0.55157226,2936.394,0.08048475,1062.1859,0.30998328,-143.40074,-0.5268243,-23.97981,-0.40511638,35.957092,0.19031179,0.064889,0.24793032,-0.02284538,-0.6842425,0.16537578,0.78556955,31.594133,0.20364568,15.060342,1.0270287,-0.24027805,-66.84267,-15.829238,-0.7822357,-6.3759108,15.396164,0.029955916,0.027965127,0.012505652,1.8018018,1.8433181,0.17999999,0.1007472,0.3375,0.2441695,-32.080017,183.633333,185.866667,disengaged
23,36.087803,0.107118726,34.261246,35.10852,37.574493,3.3132477,59.7863,14.396011,-89.44282,89.87949,0.35552034,0.7406098,0.09227227,0.33258346,0.61530787,0.5230356,5.602567,3.660765,3.7161257,1.6576629,0.15345016,0.9323141,24.261234,0.7636519,6.2807198,2.2706568,-9.83042,-1.5693333,-12.721568,-1.0575906,0.022444041,1.8011088,1.257999,0.87731344,7.726575,0.53398836,8.415991,1.3713924,36.214474,0.35739204,773.1585,0.23034771,1345.759,0.14571089,-76.96331,-1.1715003,1828.6228,0.13648398,1187.5135,0.29418063,-84.918724,-0.9399098,2949.6724,0.08829016,988.4433,0.29846376,-90.35023,-0.8301541,-16.957214,-0.6981581,31.298613,0.33472618,0.07518903,0.20217817,-0.019834805,-0.9038229,0.2000969,0.6918406,32.253666,0.3718334,6.7620263,2.1033237,-10.878054,-1.4771228,-17.225775,-0.6807384,-6.7665067,17.26487,0.0551531,0.012675541,0.062170044,4.010025,3.2994926,0.18923075,0.19116893,0.118999995,0.1498299,-28.686378,185.9,189.9,engaged
24,35.997364,0.07201878,34.19037,35.364235,37.170826,2.9804573,162.99422,144.9969,10.551544,11.549371,0.31249633,0.53725684,0.16264911,0.30425432,0.4000015,0.23735239,5.639616,3.5924504,3.9627707,1.5784984,0.14357457,0.680953,26.51576,0.50235575,13.786174,1.0687319,-5.882805,-2.9316983,-12.407578,-1.1656328,0.03977245,1.6830122,1.5432056,0.56889105,7.04169,0.5438835,10.313359,1.0600917,35.029633,0.29832864,768.394,0.24689233,1384.2565,0.1510203,-51.55037,-1.3169839,1807.1877,0.1356246,1067.2906,0.17095126,-60.63432,-1.0430655,2955.0295,0.07440808,1008.027,0.5110185,-68.89987,-0.82402736,-17.837885,-0.70058435,32.512016,0.23130046,0.07118851,0.26906455,-0.012538932,-1.5426074,0.16475803,0.5903812,30.82782,0.23344485,12.527686,1.2341775,-7.7728477,-2.420298,-16.658504,-0.7782084,-20.304802,29.992142,0.056791667,-0.00376902,0.11573838,4,5.714286,0.13,0.0484768,0.04,0,-31.148151,189.933333,190.7,disengaged
25,37.664005,0.10348754,34.804676,35.979248,42.56743,7.7627525,289.1495,360.65396,56.54286,54.43603,0.3451684,0.6704187,0.11812262,0.3217833,0.5563171,0.43819445,4.884575,2.4236856,2.17075,2.3547666,0.14315447,0.86773807,21.272375,0.91277295,10.475464,1.3031414,-6.949112,-2.4962296,-19.354565,-0.9112439,0.029729674,2.044052,1.0867493,0.8157292,8.687274,0.4579107,9.682153,1.1263137,34.85067,0.302315,776.0278,0.1869781,1348.7662,0.18592899,-69.652855,-1.212688,1871.98,0.11256111,1110.8567,0.2599236,-81.42063,-0.9027365,2981.9844,0.06527392,968.6335,0.358068,-85.2496,-0.83169365,-19.76957,-0.5121676,32.33016,0.29229835,0.075433806,0.1993477,-0.024628526,-0.71675193,0.18810329,0.60762304,30.297676,0.40797365,11.841119,1.1075766,-7.386068,-2.6131494,-25.264145,-0.6501132,-2.4286196,9.566759,0.049934816,0.0069838273,0.041313604,3.2941177,2.6252983,0.25636363,0.19955736,0.100909084,0.07267044,-28.53771,190.733333,195,engaged
26,38.67905,0.053938888,36.741898,38.552673,40.86216,4.120262,182.08476,238.63464,15.917322,15.010866,0.36023137,0.60792416,0.15179811,0.33620408,0.54345787,0.39165974,5.3912992,3.00061,4.2671304,1.8773072,0.16123702,0.7553898,25.582594,0.4587567,11.014622,1.0648873,-4.2761445,-3.331997,-22.499855,-0.82019335,0.015735893,1.0839207,1.191162,0.8571097,9.941072,0.3543385,9.727177,1.3415278,33.80541,0.22694711,727.8856,0.21603851,1321.2686,0.12507047,-56.579422,-1.2961695,1814.3324,0.11219633,1107.6742,0.3417285,-66.06636,-0.93418926,2918.3298,0.07238465,961.2889,0.3838409,-71.2897,-0.8254331,-20.743414,-0.43882436,31.149729,0.320322,0.05924027,0.31674215,-0.027771229,-0.58735114,0.18640997,0.661558,27.611517,0.36271548,9.473375,1.1810697,-5.9081526,-2.5383625,-26.9459,-0.6297903,-14.175464,23.288956,0.04633185,-0.0077218134,0.06606579,4.897959,3.3472805,0.2325,0.14095655,0.057142857,0.029137256,-28.265669,195.033333,197.5,disengaged
27,37.079926,0.081016965,35.996475,37.415855,39.491306,3.494831,16.516687,0,-74.11496,0,0.22161016,0.6999552,0.05804296,0.22529872,0.3341286,0.27608562,2.8312955,1.6441033,2.8559372,2.3009424,0.11202262,1.0376657,16.745295,0.92546827,18.707195,0.44634736,10.231116,0.85721797,-16.922146,-0.90973926,0.017837668,0.582245,1.5691615,1.0045325,9.203286,0.35638934,13.305807,0.4569096,29.256348,0.1597977,754.81104,0.17533173,1304.3564,0.12768155,-106.33565,-0.7745315,1914.9631,0.09009359,958.08575,0.284258,-113.75067,-0.65188134,2918.548,0.077498,746.90497,0.37198856,-112.29979,-0.67434895,-22.219791,-0.28211066,29.081167,0.26758832,0.050143555,0.42369324,-0.025332887,-0.40439814,0.14051038,0.8081036,24.883131,0.32476416,22.23659,0.23035575,14.191906,0.430998,-22.026741,-0.5543233,-5.9715705,13.122166,0.026117958,0.009495344,0.052912056,5.3333335,4.477612,0.103333324,0.054365024,0.13499999,0.085,-30.933777,197.533333,198.3,engaged
28,38.473423,0.061823606,36.848427,39.902206,40.102253,3.2538261,36.378284,4.191925,15.3386545,10.783401,0.20965081,0.5211292,0.11296644,0.21838373,0.29446957,0.18150312,1.6313891,0.86245525,1.5419697,1.4154956,0.055185165,0.9188931,24.268085,0.6422638,9.181711,1.4277047,-3.1895032,-4.542416,-13.942016,-1.2563517,0.017482737,0.683327,1.1451887,0.9400846,9.656649,0.56145936,6.7061896,1.347668,34.087788,0.27286604,832.06415,0.16040733,1292.6685,0.19270936,-62.90769,-1.2756844,1900.3098,0.07553817,1083.5721,0.19767317,-74.716515,-0.9459005,2994.2053,0.042787645,894.3283,0.25561845,-79.87699,-0.8448162,-21.515676,-0.49580792,33.937973,0.31600282,0.059540693,0.2520354,-0.027285136,-0.4500915,0.06623222,0.8152032,30.867685,0.28907052,8.570412,1.5605993,-4.58139,-3.5221608,-21.482773,-0.5298015,-2.123232,12.598719,0.027834982,0.024106707,0.02980318,3.2786884,2.586207,0.28,0.13490738,0.13499999,0.015,-34.604298,198.333333,199.566667,disengaged
29,40.858315,0.06583683,39.569813,41.178383,42.80442,3.2346077,143.61922,203.39613,15.668257,9.424709,0.20660305,1.1638116,0.0067578,0.098633945,0.3981467,0.3913889,4.610239,3.1780686,3.0566556,2.6862736,0.062492806,1.6449448,11.41182,1.3657299,9.185789,1.1047578,-3.1404502,-3.069419,-13.704758,-1.6217993,0.010225291,1.2024707,0.9354035,1.345066,13.03849,0.26113352,14.82909,0.68878,31.77331,0.25420588,812.6517,0.16642515,1250.6816,0.17576824,-126.40223,-0.69436604,1909.2778,0.083496496,1022.8622,0.24743411,-130.10594,-0.6108584,3011.4253,0.050371747,759.35004,0.3669354,-130.87343,-0.5998575,-22.23653,-0.4455552,32.01105,0.31927252,0.06579375,0.2504721,-0.026264146,-0.6286634,0.12459948,0.9677766,24.566479,0.36932597,10.165161,1.2431552,-6.638865,-1.7446063,-34.122887,-0.46269566,-4.651524,13.888428,0.030872315,0.019607725,0.011805892,1.8656718,1.5962442,0.2588235,0.15192422,0.3464706,0.3791157,-30.242249,199.6,210.333333,engaged
30,39.239223,0.07405682,36.683575,39.463356,42.025837,5.3422623,120.14113,81.51571,25.34163,0,0.24640141,0.96406466,0.025318995,0.20087247,0.4096927,0.38437372,2.2312343,0.85391384,2.9979458,2.0026248,0.09015168,1.3210745,19.132683,0.67804533,10.644714,0.8268034,-8.830296,-1.7094367,-25.390606,-0.88641894,0.0155681195,1.2331479,0.89849603,0.7535452,10.515389,0.26643813,3.9630127,2.9278326,33.592888,0.2697458,739.6303,0.16690499,1369.1687,0.21004808,-118.94683,-0.7877899,1800.1296,0.14651528,1195.9952,0.2939797,-122.09414,-0.6741924,2959.0017,0.057121143,1008.83997,0.63267386,-124.73148,-0.6322883,-17.993397,-0.34717193,30.7728,0.22807513,0.07134906,0.14692332,-0.034151036,-0.3042128,0.17032418,0.8921545,26.260208,0.33187678,8.641874,1.0766892,-20.385574,-0.70211625,-42.934742,-0.2314198,-12.350033,19.888657,0.04725768,-0.008544064,0.034314465,1.904762,3,0.14333333,0.11264496,0.17,0.15121728,-29.591524,210.366667,211.433333,disengaged
31,39.68605,0.103359856,37.038124,39.84826,43.41589,6.3777657,96.623535,65.09801,25.307364,14.860349,0.3356185,0.87464166,0.047580257,0.26592737,0.65105975,0.6034795,5.5302997,3.8293986,4.6668463,1.9842132,0.13183317,1.3143817,16.99051,0.84702337,12.993504,0.8735396,-4.6002727,-2.3502939,-24.965164,-1.0199381,0.02803133,3.1453402,0.9670764,1.0860444,12.289962,0.28311297,13.815909,0.98729324,32.130978,0.31768662,781.3552,0.19435303,1281.5118,0.17677768,-95.972885,-0.9617658,1935.4034,0.10732761,1023.2937,0.21990532,-105.146935,-0.76138324,2997.4023,0.06611418,797.51,0.36980167,-104.88617,-0.7661334,-22.653341,-0.31251845,30.379429,0.30615446,0.07349541,0.24535097,-0.033614498,-0.3810991,0.19118705,0.95764047,25.018969,0.36880037,15.162569,0.7128085,-7.0257306,-1.806207,-40.669373,-0.52253234,-8.674825,16.9509,0.041343387,0.0028119269,0.05036287,2.7542374,2.1413276,0.257,0.18450202,0.20777778,0.20590061,-26.157986,211.466667,216.2,engaged
32,35.100075,0.07845879,34.168625,35.488434,36.60207,2.433445,96.899414,99.833885,40.423756,39.20714,0.237249,0.9845679,0.0061096568,0.17961337,0.4511466,0.44503695,4.820227,2.5431101,2.6083703,1.8930721,0.098423705,1.2006258,17.241556,1.2144287,12.159807,0.9819912,-4.7104006,-2.9128659,-8.1696005,-2.0466213,0.019738486,1.728879,1.1844127,0.8834432,9.091275,0.39265415,9.6487,1.0954388,37.84135,0.28972363,738.6857,0.27636644,1387.6603,0.17756686,-114.239365,-0.82196707,1836.2964,0.1415589,1228.3549,0.24624781,-119.0475,-0.7009448,2936.4194,0.07888926,1046.2533,0.26876053,-121.91785,-0.65966886,-20.128765,-0.47865173,33.92468,0.3261931,0.08214438,0.18671298,-0.022241568,-0.72396773,0.17333388,0.70198274,32.921833,0.30779436,13.348359,0.93229216,-5.4262023,-3.1054983,-18.595999,-0.8865533,-5.7036586,13.937594,0.04182248,0.019162925,0.030246729,2.777778,2.1126761,0.21555555,0.22121437,0.26874998,0.36305773,-29.629038,216.233333,220.566667,disengaged
33,38.968315,0.10917543,36.037846,39.27168,42.598675,6.560829,108.11642,90.76679,48.669823,67.35588,0.20337535,1.1369685,0.007237877,0.10833569,0.40021053,0.39297265,4.22276,2.9182074,2.5729773,1.8446681,0.07729909,1.5015434,16.75086,1.0665247,10.46052,0.9238699,-4.1748877,-2.9641871,-18.515282,-1.2193159,0.016898971,1.5963043,0.9435431,1.1109598,11.417578,0.39357212,10.802505,0.93523085,35.356907,0.28380808,792.0578,0.19976689,1304.4075,0.16233665,-126.702385,-0.70374733,1913.1705,0.12568828,1128.5751,0.22776021,-132.03113,-0.5942362,2991.8757,0.07112706,927.6304,0.36813748,-132.908,-0.58117425,-22.60907,-0.3730801,35.472435,0.25759214,0.07454131,0.25232747,-0.027698092,-0.6012732,0.14618564,0.8875425,30.889366,0.2963496,13.41577,0.7849015,-8.984145,-1.6614108,-35.85994,-0.5172429,-7.206007,16.42732,0.041088995,0.013774533,0.025654376,2.0846107,1.8734645,0.21508196,0.19811092,0.30881354,0.43112028,-30.249336,220.6,253.233333,engaged
34,35.50812,0.111233786,33.93834,35.872036,39.482002,5.543663,35.609833,84.17638,24.387793,8.791556,0.2538577,0.99626833,0.035237238,0.14795725,0.48997957,0.4547423,5.6669946,3.537082,3.6786406,2.102524,0.1182368,1.1272954,20.196402,0.94979817,14.415829,0.8189196,-2.6934874,-4.8843994,-9.850797,-1.7795348,0.026854051,1.7057891,1.3912605,0.8576048,9.532445,0.3869008,7.872164,1.6587082,37.14721,0.30363604,758.36224,0.24657321,1354.8085,0.16515991,-115.179474,-0.7993535,1901.0184,0.13073517,1158.4426,0.3362628,-121.84435,-0.67552596,2957.0642,0.1040943,1029.7982,0.2491486,-124.23128,-0.6421591,-23.202003,-0.3382894,34.343018,0.26519534,0.06860692,0.28052184,-0.029768419,-0.4779283,0.20713478,0.62239665,32.575188,0.29579762,12.947176,0.9054909,-4.5977664,-3.2404606,-22.398504,-0.6404333,-11.507286,19.680489,0.04086196,0.003978384,0.047303542,2.6022303,2.6515152,0.16428572,0.09116031,0.19285715,0.20568453,-27.25704,253.266667,255.966667,disengaged
35,38.515343,0.0064309896,38.26561,38.483414,38.806183,0.5405731,0.056440353,0,0,0,0.057415094,2.5995672,0.0055204984,0.007032086,0.03361464,0.02809414,5.2194505,3.0514312,8.507527,0,0.027438074,2.9770792,0.6596438,15.802713,6.4608264,1.2923235,-5.260038,-1.8526914,3.9750123,1.5272666,0.037474558,0.56982267,2.3050792,0.5134972,3.3940902,0.9402638,-7.1917334,-0.3452336,14.776731,0.17644078,724.6212,0.3194722,1218.8768,0.11832079,-182.55708,-0.30455884,1608.0931,0.19082674,1469.7147,0.14878277,-179.07625,-0.32108578,2620.9924,0.13211428,1181.5098,0.131326,-180.86702,-0.29251677,0.32424968,7.2682886,24.912935,0.1761607,0.052333374,0.24229702,0.016360587,0.9897927,0.2088995,0.7272817,21.360111,0.4454005,-8.514402,-0.535216,-27.076073,-0.21311873,-0.81325114,-12.066008,-2.8505163,11.250348,0.028427586,0.031686593,0.0035825267,1.0869566,1.1494253,0.089999996,0,0.375,0.345,-39.4259,256,256.933333,engaged
36,36.036884,0.040650714,35.11755,35.771275,36.7193,1.6017494,44.464382,34.95736,13.198798,15.832107,0.37305844,0.6631909,0.13418162,0.35310832,0.53206193,0.39788032,4.1195183,1.1941386,5.29462,0.85326767,0.18576176,0.7587226,33.096542,0.12599988,9.418115,1.2152823,-0.21530452,-62.11337,-9.946425,-1.1035596,0.017555147,0.72446054,1.0374969,0.3939256,8.565161,0.35493323,2.6169856,4.7681212,29.705778,0.30958676,765.9827,0.19634303,1292.0402,0.1477615,-62.034897,-1.2638999,1905.6733,0.098499276,910.1324,0.23806682,-69.24677,-1.0081301,3037.9148,0.06515129,950.7914,0.12358311,-75.11081,-0.88077563,-18.553535,-0.48616642,27.814016,0.32629567,0.07056425,0.22152162,-0.027034298,-0.46790615,0.22264533,0.62900364,33.786842,0.10549719,5.936477,1.8818332,-3.0556512,-4.5491076,-13.908092,-0.7241576,-23.433067,32.9686,0.07410775,-0.01533316,0.12454768,5.0632915,4.054054,0.17666666,0.15173075,0.049999997,0.029439203,-27.538212,256.966667,257.766667,disengaged
37,35.416252,0.045738496,34.117332,35.625324,36.878956,2.7616234,206.89883,346.116,14.18438,11.508053,0.27455086,0.7962484,0.078634545,0.23298268,0.48466843,0.40603387,5.3448157,3.2614021,2.2487779,2.24118,0.11534151,1.0232449,20.431065,1.0340041,8.322003,1.959014,-8.317967,-2.0225732,-6.881461,-2.5763693,0.016136233,1.0646353,1.095951,0.86204654,8.580667,0.43249905,9.735709,1.1821848,37.017082,0.30806702,702.01483,0.2615131,1368.6434,0.1374415,-100.799805,-0.9418184,1805.8713,0.1386165,1192.3219,0.26520127,-106.85746,-0.77592534,2909.6511,0.08751086,1111.2883,0.32482427,-111.12875,-0.7091783,-19.995174,-0.60528207,34.47825,0.25713953,0.08111466,0.2080481,-0.017969398,-0.9931794,0.17804079,0.6526527,34.437958,0.2641857,11.050258,1.488149,-6.8572373,-2.8195717,-16.751497,-0.6845695,-3.592233,14.546886,0.048298102,0.015220286,0.039483994,3.8348083,2.102102,0.24857143,0.15869364,0.20714284,0.22543383,-29.991535,257.8,261.2,engaged
38,35.900574,0.09462859,34.62003,35.648067,37.24684,2.626812,108.916595,119.37314,193.07263,290.4114,0.28373596,0.81092894,0.07072909,0.24153712,0.45711672,0.38638765,5.4522896,2.6907701,3.5610805,1.7953206,0.13897409,0.95303005,25.026163,0.7296667,12.442442,1.1615921,-3.006517,-5.3835907,-8.634256,-1.6701063,0.019638343,1.1480896,1.2408085,0.75792634,8.412402,0.44389555,9.835294,1.0683148,37.31716,0.3178445,731.0497,0.2649231,1396.0542,0.16067827,-85.68815,-1.0312153,1844.761,0.13745977,1169.8198,0.22342812,-92.611855,-0.8359706,2972.6985,0.086863324,1090.872,0.22296058,-97.46205,-0.75144136,-21.25685,-0.58277035,34.0714,0.32128248,0.07851506,0.20391674,-0.018911209,-0.8391395,0.1912308,0.68166727,33.24611,0.33514002,13.423834,1.1655084,-3.7984369,-4.7055306,-15.021636,-0.763695,-10.39416,20.007174,0.04875082,0.01006925,0.050643396,3.9473684,3.4178612,0.17612903,0.13874269,0.10103448,0.16957034,-28.740309,261.233333,270.366667,disengaged
39,38.600937,0.16188271,33.804565,39.11277,43.027473,9.222908,326.4823,361.2886,211.47778,559.5109,0.14262526,1.2180345,0.006532753,0.0545549,0.2918562,0.28532344,3.4184134,2.5430431,2.2068214,2.0545425,0.05247717,1.5916351,10.153827,1.5341365,9.169703,1.2092868,-1.1001326,-11.935558,-12.795052,-1.7752292,0.027700873,1.7591317,1.2182032,0.91792005,9.2223215,0.61956847,12.252058,1.1696404,28.115042,0.45799056,789.65155,0.21211268,1278.3838,0.17082773,-144.85011,-0.5803807,1890.627,0.10775309,1039.718,0.2744435,-145.80574,-0.52554756,2958.1047,0.07567566,866.5184,0.36886773,-146.17032,-0.5193019,-20.202745,-0.50676227,30.075916,0.376407,0.072605565,0.35805875,-0.026535986,-0.78451324,0.10964384,0.87111527,22.905247,0.5790852,13.048837,0.94937015,-4.7697854,-3.389456,-31.299818,-0.6296429,-6.5147696,15.657817,0.03650946,0.015788939,0.02437994,2.1118014,1.8257262,0.16727272,0.16348983,0.34260866,0.40986446,-33.849216,270.4,294.566667,engaged
40,36.036873,0.13460836,34.577747,35.48372,37.23347,2.6557236,291.5059,111.22925,21.63204,16.181738,0.2656958,0.93167114,0.01628414,0.1891188,0.4732293,0.45694515,4.163424,2.1561952,3.4546669,1.9512267,0.11857731,1.0670929,18.849102,1.1262987,13.560862,1.000207,-3.5290353,-4.758553,-10.31985,-1.7324013,0.024355115,2.2540066,1.0297606,0.75557154,8.281212,0.575719,8.463502,1.292878,35.039825,0.33183613,734.1726,0.27198178,1408.0135,0.17914054,-102.162674,-0.9099145,1814.2133,0.15486307,1185.7317,0.3010748,-104.0185,-0.7935138,2919.52,0.094234176,1000.2194,0.32903457,-107.4574,-0.7312566,-19.180153,-0.7088407,31.325186,0.4272681,0.080559574,0.20751882,-0.022121266,-0.82013357,0.18795884,0.66528803,30.260029,0.534403,13.55884,1.1195722,-4.9137816,-3.910465,-20.212433,-0.6788228,-8.100022,16.761005,0.03848257,0.013578938,0.034878258,3.3628318,3.3928573,0.1536842,0.19396718,0.141875,0.16028173,-29.055994,294.6,300.266667,disengaged
41,36.497356,0.07005339,35.65484,36.961872,38.034946,2.3801079,120.174225,134.95734,22.601091,13.432086,0.17759699,1.3107489,0.0051252837,0.069085434,0.357584,0.35245872,4.5446873,3.0384328,3.655994,1.6359165,0.09059633,1.4004399,14.467092,1.3318396,10.5269575,1.0758493,0.6792504,20.2768,-5.346778,-2.8950193,0.0290464,2.650178,1.3788495,0.85575,9.131319,0.39105675,8.270741,1.6173567,36.51653,0.26365986,727.6086,0.2647934,1391.1642,0.16430785,-137.13422,-0.6286223,1836.467,0.1463691,1153.2427,0.24650143,-137.4946,-0.5775636,2960.5583,0.089436755,1067.6178,0.27852502,-140.70132,-0.53184146,-22.18816,-0.4946242,35.388622,0.2828784,0.07616817,0.24209712,-0.021839214,-0.618547,0.20096356,0.650264,32.067818,0.31598592,13.999441,0.9934653,-2.1871996,-8.568017,-18.05876,-0.7129073,-7.3584914,17.030935,0.032785434,0.02555635,0.021899378,2.519685,2.0667727,0.1723077,0.09807013,0.29153845,0.7310671,-29.982056,300.3,306.666667,engaged
42,39.086136,0.15847798,35.66175,36.644047,37.710426,2.0486755,54.553345,0,-22.057573,0,0.4553253,0.56166106,0.23572364,0.34154415,0.70685375,0.4711301,4.3888555,0.42976284,1.7824112,1.4634726,0.192302,0.6383917,26.52927,0.52712506,8.602208,1.8017931,-2.8432453,-6.213504,-13.16414,-1.2171671,0.015198482,0.5769002,0.9906266,0.6221086,9.478484,0.29499137,3.5364738,3.2024765,29.225645,0.60535854,739.8923,0.220981,1386.9254,0.1088831,-53.069958,-1.3502647,1790.6215,0.12772092,1032.5764,0.125223,-56.6152,-1.0015253,2940.588,0.0778934,940.7683,0.28439268,-65.322815,-0.79751563,-20.136784,-0.68553996,33.502625,0.2954736,0.07014189,0.22589716,-0.019498672,-0.6419921,0.22176184,0.59235156,30.793509,0.44160497,10.029219,1.5650086,-4.1145396,-4.1456904,-13.52532,-1.1969471,-5.041754,15.854533,0.09043989,-0.010883314,0.201578,3.846154,4.5454545,0.175,0.125,0.04,0,-28.097206,306.7,307.233333,disengaged
43,37.512913,0.04011125,36.58412,36.941654,39.02217,2.4380493,48.861626,31.15973,-24.00028,22.279352,0.39698908,0.55637074,0.16207549,0.3865162,0.636386,0.4743105,4.466958,1.5245204,2.8843403,1.7404946,0.19123775,0.65056664,33.775475,0.23414272,16.784485,0.91714483,-13.47155,-1.0629295,-18.087002,-1.0271646,0.015033368,0.78153855,0.9122572,0.5968086,10.954145,0.20601155,8.592471,2.0308611,37.565052,0.24898657,675.4981,0.25900623,1424.614,0.12270727,-20.123255,-1.198997,1761.659,0.15204673,1298.0118,0.32645315,-35.911335,-0.59009326,2973.7183,0.07356334,1151.6295,0.3696091,-47.058994,-0.31546515,-22.458982,-0.39845288,39.667316,0.1309343,0.074479006,0.20561168,-0.020918878,-0.68312943,0.2000021,0.64949983,33.71973,0.24447154,15.60624,1.0050695,-16.155571,-0.75747716,-19.178343,-1.0002768,-27.323402,37.990704,0.08395691,-0.013083903,0.040023707,5.555556,1.5151516,0.65,0,0,0,-26.244205,307.266667,308,engaged
44,36.09491,0.1253819,34.43614,35.208908,36.49735,2.0612106,975.54926,1028.6788,33.01056,124.642685,0.22521482,1.0367787,0.0056930864,0.1385173,0.40731663,0.40162355,4.772856,2.3754325,3.3553758,2.208861,0.10935388,1.1797514,17.628798,1.2406415,9.2164345,1.3085673,-2.746804,-5.1194725,-5.4458213,-2.639697,0.025677344,2.7399347,1.374534,0.87873626,7.778973,0.565689,9.227514,1.2203567,37.57452,0.3190651,744.2003,0.30463254,1392.1577,0.18105587,-125.29008,-0.7253352,1821.2603,0.1518071,1211.8763,0.24095267,-124.4717,-0.6638455,2955.443,0.099650934,1045.6721,0.23320079,-127.96563,-0.61061937,-19.243608,-0.67808783,32.19032,0.40240473,0.0816488,0.21383055,-0.017790485,-0.94769466,0.19816226,0.64398587,32.101665,0.4697104,11.6873865,1.1804916,-5.792776,-3.1518211,-15.335888,-0.85502875,-6.0215273,15.017635,0.04911291,0.020376319,0.037250854,2.9357798,2.96846,0.13875,0.09655795,0.19066668,0.2740673,-30.577742,308.033333,313.5,disengaged
45,35.639545,0.0315641,35.108913,35.54029,36.422882,1.3139687,71.642845,60.254303,9.85081,3.4375129,0.14808133,1.449416,0.004353437,0.006543951,0.315881,0.31152758,4.537737,1.8917412,3.085086,1.6257522,0.056062747,1.6409087,9.351689,2.317783,8.884859,1.2354527,-1.9779966,-7.2801766,-4.884297,-2.725442,0.01224353,1.4561908,0.8151332,0.8148545,9.60974,0.3356269,5.2843447,2.1795557,36.058983,0.3553311,681.8128,0.30897754,1436.9685,0.1555505,-155.0361,-0.5138115,1752.8956,0.17199548,1151.4617,0.246334,-153.46236,-0.4950757,2952.092,0.10642688,1049.5812,0.25180155,-156.47221,-0.45331204,-17.86577,-0.6286077,33.616688,0.34792835,0.07960286,0.1715212,-0.016115353,-0.9112831,0.1589212,0.6197731,35.22709,0.3172254,12.010829,1.3541969,-9.910316,-1.8524497,-16.006977,-0.7458512,-4.3481464,13.41672,0.03470512,0.029552037,0.018254507,1.5414258,1.1673152,0.225,0.17007351,0.6116667,1.1132896,-33.058697,313.533333,318.733333,engaged
46,33.32889,0.12939462,32.72924,33.827934,36.424458,3.6952171,-91.621765,0,13.519239,0,0.12605377,1.1159492,0.0091561545,0.08100951,0.2441647,0.23500855,2.1435916,1.777901,2.580735,1.9790828,0.05063851,1.2053576,12.172472,2.1736014,16.98484,0.72741604,-5.9536986,-2.0768976,5.4967704,2.766625,0.022208603,1.1167301,1.6193084,0.7088623,7.8778467,0.46453846,4.2178535,2.8405201,41.997395,0.37596634,755.97565,0.295095,1392.3949,0.10887225,-136.99486,-0.63278115,1807.6932,0.1397452,1284.95,0.2100414,-139.62125,-0.5783157,2858.6042,0.08956197,1116.9183,0.19963406,-144.33466,-0.51453215,-19.207222,-0.61641496,37.168816,0.30860052,0.0742991,0.1586771,-0.016961401,-0.8678338,0.12247133,0.44024032,35.69635,0.32818907,11.190769,1.3856174,-12.950502,-0.778295,-8.757484,-1.5259713,-8.8596115,17.228745,0.036637355,0.021021364,0.018286867,2.1052632,2.2222223,0.14999999,0.04,0.28,0.17,-36.804497,318.766667,319.733333,disengaged
47,37.12378,0.07324224,35.720062,37.943855,38.91488,3.1948166,95.88362,81.42802,14.619946,10.155507,0.29743397,0.8186524,0.0088744555,0.27626827,0.56306577,0.5541913,4.7820973,2.6181278,3.3662891,2.6125524,0.12513214,1.0288706,21.103489,0.94384027,10.209141,1.3716899,-4.4703484,-2.9813278,-9.423345,-1.5367436,0.017871546,2.49794,0.9236917,0.84039295,10.618452,0.33367014,14.317006,0.92676985,37.52891,0.24919647,710.8195,0.2718824,1416.7168,0.15038922,-90.14868,-0.99256516,1804.401,0.14458577,1192.1276,0.19130163,-93.67946,-0.85139453,2930.706,0.08963579,1087.0386,0.27169064,-98.41429,-0.7701713,-22.980988,-0.49293593,35.56105,0.2881551,0.07801103,0.21935591,-0.020725364,-0.8282763,0.1821009,0.6652546,33.672836,0.2015918,11.588886,1.3180856,-4.3152866,-3.46449,-16.544952,-0.78995746,-2.1209667,11.978229,0.04825452,0.028483823,0.032225206,3.726708,1.5772872,0.394,0.19231224,0.2725,0.30053076,-25.984701,319.766667,323,engaged
48,36.053814,0.07363604,35.285095,36.010757,37.731064,2.4459686,393.6029,649.0403,48.966076,62.51096,0.31694952,0.63739157,0.12824291,0.31132644,0.47923732,0.3509944,3.5850444,1.5046732,2.1279066,1.1215312,0.12455746,0.746443,28.15853,0.6779002,17.560991,0.7081417,-2.1415243,-6.937703,-14.774335,-1.2782607,0.026743643,1.9140613,1.0752653,0.96451694,9.992026,0.38371313,8.478565,1.2867491,38.486168,0.22496483,716.5331,0.26657137,1403.5232,0.13717648,-68.936844,-1.214076,1828.5248,0.15151812,1221.4679,0.25031063,-79.06099,-0.91278934,2973.8108,0.08863723,1059.794,0.32588425,-83.3386,-0.82544917,-23.528078,-0.44534403,36.764153,0.23841691,0.08315225,0.1626344,-0.02515055,-0.53153795,0.15335104,0.56548893,36.702133,0.24522105,17.152447,0.7588895,-2.576756,-5.962696,-22.321917,-0.6571031,-10.6537285,18.146223,0.03984054,0.014816847,0.045503903,3.4567904,2.0050125,0.355,0.20868637,0.14285713,0.19491495,-28.576105,323.033333,327.1,disengaged
49,37.743664,0.039257426,36.535873,37.30569,39.509693,2.9738197,81.29689,85.700386,17.968245,8.243771,0.15568745,0.9933686,0.006615355,0.11305968,0.290079,0.28346366,2.6522737,0.92952186,2.4233391,1.0924181,0.07994517,1.1975452,10.709609,1.9203966,18.027313,0.49441367,3.3220956,2.505353,-7.1742954,-2.2064743,0.021925028,0.97024703,1.3373274,0.7747545,9.345228,0.3364545,17.315271,0.4079369,31.928917,0.3268243,781.67004,0.10687323,1275.031,0.11391306,-143.60828,-0.54474336,2019.3214,0.036236938,867.8351,0.21779089,-147.08841,-0.49198553,3046.5679,0.06456523,841.35706,0.394743,-146.83209,-0.49610445,-24.754229,-0.19790642,29.799658,0.24787734,0.084150955,0.17184347,-0.031762194,-0.37090942,0.16857405,0.52700025,29.628426,0.25498646,19.026588,0.3882859,10.775328,0.63033897,-23.23834,-0.4456756,-7.161657,14.414564,0.042398896,0.017604392,0.027438585,2.7522936,2.9411764,0.103333324,0.0047140447,0.21666665,0.19396448,-33.01497,327.133333,328.233333,engaged
50,37.375072,0.12575395,35.12391,37.4825,38.352562,3.228653,1106.1821,1106.5543,96.04194,122.49105,0.28590873,0.8557311,0.017894203,0.25545993,0.5178127,0.49991852,5.834437,2.8235304,3.5927832,2.4642556,0.13767989,1.1586561,19.2504,1.1424685,10.457944,1.196908,-7.353514,-2.0475504,-12.293285,-1.2957056,0.021965068,1.4462471,1.1931173,1.0000724,8.997651,0.4726931,9.355203,1.1943047,34.008785,0.33835843,732.6156,0.2300406,1375.731,0.15869032,-99.55494,-0.92753625,1842.2263,0.12908857,1182.1033,0.27736452,-103.26694,-0.79371834,2939.9211,0.08334595,1048.4272,0.2627301,-106.87481,-0.7295248,-19.337921,-0.6639257,31.945053,0.3982304,0.077992976,0.22023356,-0.02470067,-0.64558375,0.21079127,0.78683454,30.747122,0.46108234,12.413029,1.0777055,-7.7579136,-2.2321262,-22.480278,-0.5043292,-4.793521,14.462722,0.04482822,0.019266019,0.042191915,3.13253,2.9268293,0.185,0.22035955,0.1811111,0.19318639,-28.168785,328.266667,332.433333,disengaged
51,36.535667,0.10160698,34.72685,36.85922,38.235035,3.5081863,340.66165,329.91797,42.751377,53.11663,0.16113591,1.3033737,0.0043471195,0.037300516,0.32648608,0.32213897,4.647713,2.8490255,3.1064134,1.7580955,0.06764563,1.5642258,9.717232,2.0975754,8.454886,1.444394,-1.2095611,-10.904873,-7.35551,-2.0769866,0.019398123,2.2620032,1.058899,0.9357333,9.707255,0.43666893,8.628359,1.3348336,35.19493,0.47335917,752.07605,0.23132281,1373.8782,0.1758201,-141.01497,-0.6080284,1871.0684,0.120106034,1190.0244,0.28015068,-142.8775,-0.5490714,2972.8804,0.072129756,1045.4633,0.26220134,-144.859,-0.5209477,-21.462252,-0.53540826,33.5743,0.32377666,0.07721579,0.23772438,-0.02391814,-0.69232446,0.16716833,0.6935993,31.472502,0.35932988,13.53091,1.0398184,-3.5298095,-5.266344,-23.194996,-0.5510703,-2.2300963,11.160952,0.03886803,0.030407317,0.015757093,2.074236,1.532567,0.21321428,0.18813092,0.4185714,1.037885,-31.503174,332.466667,350.8,engaged
52,36.081364,0.093167864,34.435463,35.735306,36.77771,2.342247,377.73538,216.25188,28.686726,44.534805,0.270101,0.918872,0.052598476,0.20027773,0.45921355,0.40661508,4.5984955,2.8451502,2.65965,1.4139138,0.11963745,1.074669,19.203611,1.2122195,14.95582,0.687319,0.48332167,30.589811,-8.882812,-1.6451695,0.02034295,1.0443476,1.1737657,0.86816,8.740234,0.41848508,8.5452385,1.4399971,37.08188,0.26499853,737.95844,0.23691726,1330.729,0.13794523,-96.356125,-0.9529816,1907.7697,0.113074,1078.2194,0.24926378,-104.05216,-0.7734805,3009.3528,0.07641698,1081.9757,0.23010021,-107.293816,-0.7237737,-22.704111,-0.44026694,33.02089,0.3171944,0.083181076,0.19673789,-0.022888357,-0.641691,0.19048151,0.67841846,31.7719,0.42451638,15.578123,0.70359236,-0.9049221,-17.703648,-16.590784,-0.77986383,-6.580313,14.723656,0.047173083,0.01637151,0.026927788,2.8571427,2.9288704,0.18428572,0.16859564,0.13714285,0.13801803,-28.69279,350.833333,353.3,disengaged
53,35.21674,0.028540568,34.144455,35.355316,36.188408,2.043953,8.834047,1.8557062,28.188498,0,0.16167477,1.2256852,0.0053267814,0.082157865,0.2978446,0.2925178,3.1243954,0.37977102,0.53080416,2.724047,0.07420631,1.4813564,18.096241,1.0491354,8.153441,1.3040768,1.6987674,9.026143,-6.0084424,-2.0314243,0.018978788,0.9780904,1.0283769,0.53980786,9.601785,0.30039293,13.290685,0.79398686,36.18914,0.28165972,882.78925,0.2156446,1372.035,0.15860875,-142.93211,-0.5840062,1924.7954,0.09446407,1306.2477,0.38401148,-145.80319,-0.5308662,3016.0166,0.07792209,1028.0632,0.3904607,-147.40053,-0.50675863,-20.930069,-0.50587,33.799335,0.36574957,0.07039342,0.24404381,-0.010760162,-1.650577,0.16291857,0.8002798,33.91405,0.20298447,11.2630205,1.3457905,3.2679553,6.748239,-11.1521435,-1.2063824,-7.652291,17.681204,0.050663628,0.019803854,0.028306305,2.4590163,1.724138,0.17999999,0.049999997,0.38,0.34,-32.343475,353.333333,354.566667,engaged
54,36.02949,0.097895786,34.861057,36.039127,37.857166,2.996109,402.1271,533.1332,77.350006,85.61484,0.29688945,0.7460647,0.060128838,0.28850776,0.49285907,0.43273023,4.5259404,3.3311558,3.4876573,1.9574705,0.12207432,0.88527924,28.358873,0.5735375,15.029325,0.7894351,0.45556152,32.765488,-13.904999,-1.2861514,0.016965983,1.8181534,1.0063732,0.9925052,10.128167,0.3642864,9.524085,1.141938,37.710663,0.2848882,745.3625,0.24014083,1390.9958,0.19128779,-71.57851,-1.1637768,1859.992,0.13404118,1204.3057,0.2504602,-82.57406,-0.8719836,2966.069,0.08234393,998.8035,0.24455808,-85.98061,-0.8093395,-22.957174,-0.4487036,35.655434,0.28377828,0.0770414,0.2418475,-0.02330448,-0.69836444,0.1512537,0.6737699,34.709347,0.3082829,15.917178,0.77071804,-1.5536703,-10.350568,-19.992216,-0.7952814,-12.337154,21.512308,0.043080132,0.014361335,0.048779663,3.9141417,2.5510206,0.269,0.306723,0.125,0.13856407,-28.276138,354.6,362.533333,disengaged
55,36.174698,0.06404454,35.4803,36.786125,37.146084,1.6657829,106.40658,57.57415,22.84344,22.681297,0.22716112,0.98534256,0.0062718466,0.14736308,0.43308902,0.42681718,5.7325263,2.910742,3.465939,1.492705,0.116780154,1.0890176,24.781908,0.6796393,15.687336,0.74166846,1.4654471,10.607387,-9.831795,-1.5259311,0.026053092,1.4541904,1.3776484,0.78565514,9.317226,0.3327837,9.297594,1.5426681,36.69035,0.29242703,641.24677,0.3184161,1465.697,0.14358786,-103.228485,-0.86073107,1718.1449,0.16258919,1258.4419,0.28701374,-103.39689,-0.7573087,2843.116,0.08709804,1054.2478,0.20858584,-107.47358,-0.6930819,-24.166101,-0.332476,36.765636,0.20595531,0.0765287,0.24858579,-0.021539532,-0.6386208,0.17344108,0.74016327,33.716854,0.21137406,16.528307,0.76783687,-1.6130806,-11.540307,-16.947943,-0.82392424,-13.359871,22.944672,0.04273225,0.014773647,0.045627296,3.448276,3.524229,0.155,0.08674676,0.12,0.18500964,-29.953962,362.566667,364.9,engaged
56,35.965958,0.122126475,34.776012,37.00252,38.1537,3.3776894,155.42973,174.45457,35.44545,19.884266,0.18130963,1.2093548,0.005620835,0.09395938,0.33863863,0.3330178,4.4675984,2.5304823,2.8632343,1.6778456,0.093920566,1.3323493,14.864081,1.4396667,12.564255,0.9596193,0.22142068,57.51298,-6.51462,-1.9618436,0.023329979,1.081681,1.17687,0.8011211,9.498246,0.41310388,8.523529,2.227095,33.93011,0.51712584,750.10126,0.2098368,1441.5203,0.15807022,-123.27439,-0.71215415,1861.4897,0.11813892,1234.708,0.21794021,-126.41331,-0.6268109,2980.416,0.06784595,1081.5463,0.22871853,-129.17058,-0.58895826,-23.995348,-0.43652913,37.856583,0.25866422,0.072586514,0.24698551,-0.01987705,-0.668617,0.19050467,0.6684064,34.12698,0.27994284,15.37919,0.8417338,0.3306947,51.56021,-16.38112,-0.6525464,-4.187563,13.192066,0.03835882,0.02908713,0.018372623,1.9417477,1.9736842,0.21833333,0.10350791,0.32,0.52596575,-29.158676,364.933333,368.033333,disengaged
57,36.958946,0.12887435,34.197567,37.12992,38.946728,4.749161,88.32804,35.17775,34.555614,23.675423,0.083427444,2.030998,0.0037779824,0.0051154443,0.1216422,0.11786422,3.7782447,2.8502924,1.4236656,1.7611169,0.04039275,2.3849506,4.7259235,3.5458472,9.037351,0.9617169,1.2200868,7.116189,-1.1300888,-9.191316,0.020595517,1.4365382,1.305217,0.8759044,9.81521,0.40930253,14.820538,0.7225883,41.64895,0.22140199,736.9933,0.28096214,1383.5411,0.14677732,-174.00671,-0.3743925,1854.7014,0.1307928,1245.8444,0.28620633,-174.58182,-0.3421364,2989.047,0.07733972,1073.307,0.23077823,-175.79169,-0.32342738,-24.659428,-0.4365574,37.852264,0.24926297,0.0718599,0.33986676,-0.024558315,-0.78771865,0.19986968,0.63573617,34.240402,0.35258764,17.778458,0.671185,-1.8851138,-8.862652,-16.29334,-0.9499866,-4.083586,13.925154,0.027614806,0.03784026,0.006513127,1.150748,0.69767445,0.21666665,0.18917951,1.4339999,2.1562986,-32.01773,368.066667,376.766667,engaged
58,36.49477,0.07005183,34.888527,36.406094,38.3853,3.4967728,87.03196,90.54451,82.263824,187.03487,0.28741425,0.90510046,0.011429864,0.24733098,0.5184061,0.50697625,5.469455,2.8986413,2.9964118,1.9159299,0.13017169,1.0758418,20.253181,1.0046943,9.028952,1.4181619,-7.40346,-2.0935097,-9.235234,-1.6529387,0.021716787,1.9566954,0.95571196,0.7371206,9.651833,0.40124625,6.4752545,1.7287021,34.659084,0.31766644,742.77203,0.2598886,1385.3047,0.16530418,-101.43284,-0.91317993,1816.0889,0.14743511,1203.0411,0.23584822,-105.30676,-0.793718,2951.9204,0.08605988,1034.4218,0.31093144,-110.31259,-0.71342194,-18.981525,-0.64693797,35.342754,0.27129057,0.07206177,0.2344098,-0.019587664,-0.8693368,0.20768774,0.63078696,33.443176,0.2842742,11.214902,1.2969824,-9.866425,-1.7940239,-18.432104,-0.66107535,-4.418691,14.468378,0.04632904,0.022764185,0.029386401,3.1137726,1.8159806,0.29666665,0.19451363,0.234,0.30357426,-27.11354,376.8,385.166667,disengaged
59,38.815792,0.07424461,36.912666,38.722183,40.807487,3.8948212,83.301125,116.92935,121.59598,343.07938,0.10777141,1.5797849,0.004103612,0.0071204337,0.21637759,0.21227397,3.855939,3.1609876,2.6340125,2.3214812,0.045153894,2.320419,5.1506257,3.8677347,8.273626,1.1101263,0.027270652,383.2953,-11.834754,-1.5689988,0.019382609,1.1810528,1.0919907,1.0698919,10.733231,0.34779122,10.968192,1.1500666,34.249138,0.3213852,758.7084,0.22773431,1309.4309,0.16680858,-155.09222,-0.50415504,1894.2013,0.13015877,1120.0822,0.25200602,-156.06325,-0.45492932,2955.5676,0.0718936,928.4965,0.329627,-156.5208,-0.44792503,-22.52109,-0.41766825,33.54129,0.30083796,0.07588443,0.2634262,-0.030461036,-0.61500585,0.13062826,1.0971817,30.033924,0.35167488,14.299571,0.79508054,-3.69324,-3.8605318,-34.06357,-0.490032,-0.49575928,8.899167,0.038807284,0.031502947,0.012319443,1.4161718,1.2826385,0.20535715,0.15199816,0.5961538,0.9618414,-33.876755,385.2,407.1,engaged
60,35.69154,0.10518905,34.153294,35.84217,38.29829,4.1449966,336.8739,498.27808,63.09428,80.02592,0.3384758,0.7579599,0.08322375,0.3181257,0.56127244,0.47804868,5.1143427,2.3664386,3.6446607,1.9195536,0.14479113,0.8805597,25.337639,0.6514454,9.903168,1.4291768,-4.605947,-3.3943374,-13.400974,-1.2615157,0.027233846,1.9344499,1.1255815,0.7411009,8.612072,0.4266191,4.4478645,2.5371356,33.593307,0.33891043,751.6637,0.23007502,1347.2866,0.16340545,-73.35336,-1.194067,1862.654,0.13762845,1100.9615,0.2782561,-81.574165,-0.95367557,2964.0425,0.092940584,1032.36,0.3156859,-86.39744,-0.85993433,-19.331305,-0.5412681,31.927242,0.2795088,0.06866755,0.2744573,-0.02493906,-0.6945306,0.19513655,0.59728295,32.796623,0.2882248,9.709228,1.5103357,-6.14713,-2.628889,-19.735468,-0.74642324,-9.025902,17.909859,0.041861195,0.010686328,0.036896437,3.1840796,2,0.33349997,0.2561108,0.13136363,0.1647945,-28.293747,407.133333,417.2,disengaged
61,37.327347,0.11479376,35.11789,37.000206,39.668858,4.550968,140.37923,268.93643,80.07417,130.38998,0.1885712,1.1435659,0.004855279,0.10225399,0.36620367,0.3613484,4.2627726,2.5821443,3.602735,2.4792922,0.079803884,1.4921157,13.107378,1.6168005,11.241779,1.0549225,-0.9310851,-14.032132,-10.061608,-1.8892893,0.023362588,2.515871,1.0081047,0.93834066,10.13856,0.4137134,10.757635,1.2135646,36.25324,0.30634815,755.80225,0.23133191,1357.9723,0.18635696,-122.59059,-0.73345506,1875.3439,0.1281848,1146.1918,0.26622656,-126.47617,-0.63963425,2991.1245,0.07944758,1016.665,0.30760345,-128.74318,-0.6056956,-22.37857,-0.49234614,34.615253,0.309606,0.07292002,0.2501143,-0.025029412,-0.68191785,0.158307,0.8392266,31.622902,0.36816153,15.278715,0.8703677,-4.2404127,-3.9594483,-24.222612,-0.6816083,-2.7668219,11.309651,0.036015335,0.028483786,0.016659975,2.143446,1.6505055,0.260375,0.218966,0.3364935,0.88138866,-30.670214,417.233333,465.766667,engaged
62,37.94801,0.1693746,34.57198,39.778656,42.43847,7.8664894,170.55128,116.85257,285.41113,549.0417,0.39276525,0.91223526,0.0994738,0.31934234,0.60617286,0.5066991,5.268516,2.6900826,4.5729017,3.5196862,0.1904176,1.1499865,19.377323,1.0322698,6.3147364,2.293872,-10.263729,-1.6020151,-18.582851,-1.1307777,0.02383371,1.6604311,1.0882047,0.77029926,8.978456,0.4955167,5.298626,2.3130858,31.951963,0.3230496,762.5893,0.2432619,1324.1873,0.18304625,-77.846214,-1.1496202,1854.6458,0.12977794,1115.1154,0.30070594,-83.12258,-0.93242794,2943.2607,0.086165026,962.57043,0.33544856,-87.85651,-0.84141123,-16.956047,-0.6734016,30.988096,0.34616584,0.067554764,0.30378348,-0.023313172,-0.802102,0.25362593,0.91759497,27.086254,0.48687848,6.7669606,2.2558646,-12.381049,-1.3864448,-24.881384,-0.7669408,-2.3474946,11.2037115,0.05265481,0.0076582343,0.059440635,2.930403,2.7127004,0.23772727,0.24675955,0.13,0.13613717,-24.428385,465.8,474,disengaged
63,37.073067,0.032089524,36.066063,36.85879,37.721703,1.6556396,30.301012,0,-24.973476,0,0.41453737,0.5118508,0.19105406,0.4159414,0.64306736,0.4520133,8.155091,4.1873474,0.35251746,2.2204926,0.17098099,0.85216105,19.59442,1.0696508,7.2908487,1.681986,-15.654283,-0.7770821,-21.73335,-0.691805,0.016186006,1.0144699,1.0763613,0.73674476,7.011859,0.5901413,-5.5553055,-1.1488658,27.282495,0.2499603,621.8029,0.37028587,1374.9689,0.107599154,-64.36003,-1.2904402,1611.2664,0.17664775,1117.9144,0.20902626,-61.57374,-1.1850811,2740.2239,0.111359805,985.539,0.34934473,-69.745056,-0.96760666,-13.367797,-0.5740787,26.52595,0.39701247,0.07957552,0.17774533,-0.026131503,-0.5357088,0.21975546,0.6825085,26.67516,0.55536574,3.0697644,3.2388482,-17.562084,-0.7902448,-27.268972,-0.40292874,1.9251517,0.7166534,0.06780608,-0.0061582024,0.018903477,6.666667,5.1282053,0.14,0.01,0.08,0,-29.12974,474.033333,474.5,engaged
64,34.78022,0.099740036,33.945553,35.148453,36.017456,2.0719032,353.8873,158.56476,80.95819,98.55073,0.22591223,0.98761153,0.015783867,0.1796257,0.37226284,0.35647896,5.1389475,2.6396909,3.1895306,2.5428236,0.13562876,1.1975558,18.117077,1.0788008,14.0846405,0.97077084,0.14894152,115.97033,-1.4706858,-8.964218,0.0694524,1.7247314,1.7023817,0.81044996,7.710148,0.43332562,12.29823,0.6558961,37.143932,0.30631077,712.0219,0.26827726,1447.051,0.1354181,-108.52323,-0.8409195,1834.8508,0.10762009,1170.8181,0.1985726,-112.64786,-0.7417323,2989.4443,0.06119196,1074.5928,0.27762008,-116.37654,-0.6834761,-25.429604,-0.45394185,36.19604,0.21919139,0.074305385,0.2315288,-0.019566046,-0.86472136,0.23614495,0.6763206,32.76781,0.2843937,20.099699,0.7184934,4.44814,4.3173213,-9.791712,-1.1366904,-5.1564393,12.071912,0.03959994,0.019415952,0.015771016,4.109589,2.8169017,0.17166665,0.1262823,0.24499999,0.2900431,-28.54026,474.533333,476.733333,disengaged
65,35.52779,0.08739205,34.50858,36.538914,37.31667,2.8080902,89.325035,0,13.784324,20.236214,0.326942,0.56789017,0.15168947,0.32459995,0.48369998,0.3320105,4.7423534,2.0992749,4.948254,3.1081426,0.12573962,0.7099524,24.137545,1.0448945,12.910472,0.8399523,-12.329625,-1.0571615,-12.651448,-1.3290852,0.023351058,2.1662753,0.9719163,0.6954027,9.437023,0.32496428,5.6105585,1.714686,36.335407,0.2901814,809.42725,0.16248664,1256.7954,0.14066334,-78.30173,-1.1331999,1935.0236,0.10015109,1040.4996,0.14799576,-88.27318,-0.87408835,3089.3206,0.061444983,980.7799,0.15217184,-93.76892,-0.7748208,-18.74469,-0.5312598,35.450993,0.29137045,0.07386662,0.22615689,-0.022700414,-0.70706064,0.15020682,0.46154732,34.8363,0.33377138,13.921702,0.94920397,-11.877654,-1.269778,-17.823015,-0.5674159,-0.8688691,11.09053,0.0551264,0.009867667,0.054110236,5.263158,3.3333335,0.19,0.09899495,0.14,0.06,-29.860596,476.766667,477.733333,engaged
66,36.708836,0.111389264,34.70845,36.1214,38.568325,3.8598747,143.41447,106.78943,336.803,783.9562,0.29715642,0.79812694,0.07531174,0.2581613,0.4911719,0.41586015,5.5500193,3.1906004,3.8203092,2.138931,0.14311513,0.89812386,22.34484,0.8288241,12.562706,1.024284,-4.6700125,-3.4216723,-10.235367,-1.5547199,0.03000465,2.707966,1.421649,0.79771197,8.610078,0.44937983,7.4163775,1.8482127,33.706127,0.40599436,715.72314,0.28819537,1403.1558,0.1783074,-80.82835,-1.0653864,1790.6858,0.15610072,1208.6854,0.24472627,-84.38053,-0.90280366,2896.7805,0.09710566,1101.3239,0.2397989,-90.075134,-0.7987889,-18.886185,-0.6406683,32.87799,0.3498585,0.06923658,0.2912145,-0.01784641,-0.9235541,0.19207609,0.6403659,29.697098,0.45272183,12.463142,1.0911448,-6.9774637,-2.4957144,-16.044384,-0.88623756,-8.231444,16.975208,0.04290602,0.0116499495,0.04425672,4.032258,3.448276,0.185,0.15919372,0.09433333,0.1630068,-28.334162,477.766667,487.7,disengaged
67,37.041054,0.13701016,34.401962,36.535,39.57323,5.1712685,264.4288,375.51913,133.01967,205.95534,0.11964295,1.621149,0.004690894,0.006797429,0.25840467,0.2537138,3.8093374,2.5648534,2.7247622,2.0843313,0.05160562,2.011522,6.426137,2.8292665,8.077035,1.2408769,-0.9011236,-12.703934,-5.999349,-3.0395281,0.02479192,1.8868694,1.1119338,0.9464741,9.331686,0.49043983,11.208129,1.1298552,34.25472,0.35839665,773.16675,0.23856004,1349.8794,0.17462245,-157.96799,-0.49241045,1887.252,0.13067158,1156.0048,0.25113827,-158.87154,-0.44981423,2977.831,0.085303076,1019.20154,0.29251283,-160.04675,-0.43236133,-20.788229,-0.5539125,33.624218,0.30106565,0.07574162,0.2869673,-0.022018513,-0.91957307,0.16932888,0.81515604,30.998468,0.34637097,12.9005375,1.11341,-5.4304485,-3.1789384,-22.663961,-0.8379757,-2.4471824,11.466604,0.037951976,0.029049147,0.012588418,1.4627477,1.1766316,0.20093022,0.1928165,0.6744999,2.0193253,-32.833923,487.733333,560.9,engaged
68,35.936836,0.10679834,34.056675,35.513046,39.16278,5.106106,197.69908,265.09222,108.89132,107.70558,0.3216873,0.6814736,0.099338196,0.30420572,0.5190513,0.4197131,5.2297997,2.2062066,3.1935246,1.6680568,0.15091275,0.8806651,29.726322,0.5944912,13.170946,0.86467296,-1.8902493,-8.139489,-13.100393,-1.2403187,0.030572334,2.5168016,1.2207799,0.98426545,10.0126915,0.3770236,13.102602,0.7365482,42.19615,0.22170603,760.47217,0.29431048,1408.0591,0.17696282,-84.971954,-1.0536244,1855.5154,0.14540598,1252.4702,0.29220873,-91.91499,-0.83988696,2991.3142,0.08810897,1050.8641,0.1972002,-97.33801,-0.7514319,-25.02429,-0.38372132,38.61516,0.22055067,0.07555047,0.24303186,-0.026741605,-0.57556427,0.20148319,0.63586634,37.258045,0.2450882,15.327162,0.6412458,-1.231899,-13.049308,-19.070679,-0.7234474,-9.12106,20.124367,0.054620136,0.0069652805,0.048825447,3.7190084,2.542373,0.24499999,0.19670196,0.1925,0.15319513,-26.21036,560.933333,563.366667,disengaged
69,35.81689,0.041602366,34.485672,35.198284,37.357048,2.871376,102.6748,84.50858,16.06354,17.7346,0.14696646,1.3567748,0.005459628,0.033263702,0.2827497,0.27729008,3.7164712,1.6965829,3.2364306,1.9185075,0.07455822,1.5110914,15.943684,1.0261447,3.2231467,4.0180917,-7.330116,-1.9871403,-8.744275,-0.98323226,0.026210293,0.6687223,1.7714516,0.4715349,5.4945626,0.73339945,11.073925,1.0633082,33.118713,0.45614082,599.05835,0.2804279,1392.9828,0.2041265,-159.72032,-0.48074412,1632.9594,0.11536048,1203.5325,0.14557524,-162.77649,-0.42804784,2788.3625,0.07534903,1043.2834,0.29359606,-164.7075,-0.39964062,-13.874312,-1.1357968,31.522001,0.17415035,0.081859015,0.18488042,-0.0048495904,-4.5794697,0.2130851,0.51817685,29.858797,0.26350138,7.412807,2.7732863,-11.238962,-2.0562649,-14.039051,-0.7581424,-5.827062,15.366184,0.056317806,0.014037797,0.038714483,2.7586207,2.142857,0.089999996,0.032659862,0.35,0.4102032,-34.58301,563.4,564.866667,engaged
70,35.407562,0.062207993,34.430622,35.176132,36.72574,2.2951164,146.39746,172.83975,88.20738,150.90332,0.27757227,0.7793315,0.049992047,0.25241536,0.48995256,0.4399605,5.1850786,3.3106842,2.9035878,1.6209033,0.11787775,0.9745781,20.808271,1.1264606,10.516263,1.2941597,-8.119583,-1.9076989,-5.935241,-2.7698421,0.024034705,2.1591218,1.2004877,0.86381584,8.512812,0.41827628,9.703725,1.0227411,40.26029,0.2499797,732.33154,0.2644924,1414.8599,0.1589689,-90.824165,-1.0254056,1832.056,0.12812024,1202.1531,0.2288732,-97.514435,-0.84866005,2995.2915,0.0843808,1110.7737,0.20662972,-103.843414,-0.7444573,-20.213657,-0.5656343,35.027786,0.28607073,0.0768753,0.18186891,-0.020039039,-0.83523536,0.17501688,0.60387367,35.6183,0.2979729,11.539356,1.2709758,-9.243811,-1.7983279,-15.258546,-0.81271106,-1.498166,11.298183,0.037704844,0.023116415,0.035360694,4.1907516,1.8922853,0.30615383,0.20292243,0.23727271,0.26153708,-30.083796,564.9,571.833333,disengaged
71,35.971195,0.06468353,34.635345,36.128654,37.58165,2.9463043,248.06071,419.69763,31.219975,30.181047,0.08535201,2.0878437,0.0046962677,0.005739964,0.093831405,0.08913514,4.059891,2.5437257,3.421242,1.9948478,0.03660996,2.3633378,5.9580307,2.6489367,7.50057,1.0848514,0.64397466,14.92628,3.0701134,4.088476,0.019498087,1.5655012,1.0173991,0.87422293,9.491684,0.34694025,9.689223,1.1461834,38.160732,0.2730776,735.2989,0.274464,1406.244,0.16964349,-170.58803,-0.40293482,1828.2994,0.14503135,1181.8667,0.24750417,-171.58891,-0.3701026,2977.3599,0.08427089,1106.7578,0.27599335,-173.305,-0.3441997,-21.05179,-0.50610733,35.278008,0.25773358,0.071409516,0.2222439,-0.019882835,-0.7093226,0.18644997,0.610184,34.229546,0.26802632,12.103055,1.2144521,-6.586732,-2.8386123,-17.337542,-0.6303286,-4.314499,14.243046,0.025524197,0.034989867,0.005758091,1.1428572,0.6770834,0.24384615,0.22165598,1.1257142,3.654994,-34.023346,571.866667,591.133333,engaged
72,37.036983,0.12359173,34.177666,35.93288,39.212006,5.03434,73.94837,27.008305,23.630056,9.288027,0.30659264,0.755007,0.050030526,0.28877237,0.52311844,0.4730879,5.3159604,2.733022,2.798504,2.2752805,0.15259454,0.92277634,25.352055,0.7606245,11.900506,1.0343956,-3.8318286,-3.7406063,-8.685529,-2.2312987,0.0316956,3.1715727,1.3797419,0.9374255,9.264572,0.43739456,14.077282,0.8230175,41.184753,0.35147962,783.3744,0.29800218,1346.3403,0.188168,-92.60161,-0.96555793,1894.354,0.13718192,1156.8141,0.22648306,-97.314644,-0.80296576,3026.171,0.09044506,1048.8602,0.21220034,-101.37285,-0.7402503,-23.062366,-0.50519896,35.641792,0.35965288,0.072462924,0.27412155,-0.025480293,-0.7091403,0.21210527,0.6284494,33.50807,0.4406969,15.789288,0.6629352,-3.1686594,-4.727289,-19.636398,-0.7292062,-6.5876966,19.291513,0.03729482,0.017256547,0.047717385,3.7671235,2.0905924,0.28833333,0.24640188,0.202,0.23944937,-26.883213,591.166667,594.1,disengaged
73,35.646713,0.024443643,35.175194,35.683178,36.429005,1.2538109,6.6121325,3.6971374,28.387138,0,0.13055493,1.509499,0.004588967,0.010670066,0.31272912,0.30814016,2.1508787,0.4845818,4.2279744,2.7293768,0.056831524,1.8084884,12.215024,1.4367021,5.9231973,1.618726,-0.3301791,-30.946356,-3.443069,-3.018803,0.021003027,1.387041,1.2426099,0.8941152,9.477256,0.3033526,12.972165,0.9078332,31.857016,0.20717265,822.42426,0.18127036,1323.4785,0.13494568,-163.64491,-0.43151766,1971.928,0.10215831,1018.6393,0.22791782,-164.25142,-0.40802288,3030.398,0.057493273,943.6191,0.31099802,-164.87897,-0.39964187,-21.150414,-0.29002798,31.682503,0.32304993,0.075010605,0.18581939,-0.018118741,-0.7692108,0.1905584,0.64955443,32.905537,0.13030276,11.4394655,1.069177,4.4825635,3.0138192,-16.745182,-0.77724147,-3.682411,11.978287,0.043257747,0.026111828,0.020131482,1.5503876,1.6260163,0.125,0.105,0.47,0.42999998,-33.221348,594.133333,595.433333,engaged
74,36.02235,0.06081435,34.648987,35.86974,37.77578,3.126793,157.5272,186.68036,15.678792,16.786222,0.30682448,0.7686158,0.07824518,0.25879142,0.52880895,0.4505638,5.830165,2.764234,3.4436975,1.7795653,0.13590385,0.92924,22.699753,1.015254,11.500399,1.129542,-8.795534,-1.7286382,-10.482019,-1.5786854,0.017923173,1.2751558,1.2198943,0.7976278,9.053329,0.3559667,10.601356,0.9038353,40.330704,0.22429334,737.4539,0.23610972,1456.1621,0.15603682,-83.10855,-1.0669923,1822.0088,0.13627876,1254.434,0.21997342,-88.457054,-0.8886897,2971.6016,0.087505735,1130.137,0.24818799,-95.112526,-0.7725094,-19.487043,-0.5574169,35.50991,0.2950208,0.08063881,0.19144212,-0.020175584,-0.823608,0.1906916,0.61710805,34.87957,0.3132237,11.849716,1.1191311,-9.778123,-1.6684418,-18.677528,-0.7487063,-3.5225399,12.325349,0.049873956,0.01530449,0.036116198,3.7328098,2.5844932,0.24153847,0.20913178,0.15799999,0.19691621,-28.868065,595.466667,600.566667,disengaged
75,28.29521,0.0009092738,28.276146,28.293398,28.313911,0.037765503,0,0,-0.020980835,0,0.051855702,1.1495548,0.0057117245,0.011327248,0.10921373,0.103502005,0.7721086,0.31569695,0.7568228,0.5000849,0.013614639,1.9361824,-0.42812893,-37.610226,9.207603,0.862191,-4.532489,-2.3770971,7.2171955,0.6637848,0,0,0.5155589,0,4.808163,0.11065675,8.615139,0.1568546,41.694016,0.053310074,512.84155,0.24116443,1472.0453,0.040610638,-190.99702,-0.19699933,1679.3582,0.041031703,1096.2368,0.021732489,-191.8116,-0.17901081,2820.6958,0.03973537,1255.0302,0.06791237,-192.13702,-0.17275213,-26.439354,-0.02445529,33.378735,0.017406458,0.08896257,0.048833985,-0.022666615,-0.080051355,0.0693217,0.14189455,31.053802,0.013900849,16.529467,0.05970631,12.164091,0.020238776,-1.0807606,-2.142781,-3.7718954,10.080534,0.04421078,0.02089673,0.012307802,2.8985507,1.5625,0.02,0,0.295,0.225,-48.918713,600.6,601.3,engaged
76,36.219685,0.0959478,35.496197,36.838184,38.073845,2.5776482,165.78987,152.4982,27.004602,17.575464,0.30486977,0.74187964,0.09469601,0.2459323,0.4961862,0.40149018,4.628136,2.4796815,4.282158,1.4937587,0.15506697,0.80681473,27.685217,0.6166369,14.646745,0.87415147,-3.3619175,-4.429398,-14.233846,-0.9580027,0.021958992,1.192046,1.2181549,0.7790699,9.209394,0.37219292,7.535729,2.7854702,34.094555,0.57195765,753.92834,0.26860204,1388.8623,0.15284158,-77.053314,-1.0758722,1851.5468,0.14438869,1152.0183,0.23076895,-84.089455,-0.85619926,2984.2744,0.08872306,1068.995,0.21934846,-89.86908,-0.75555885,-21.753454,-0.4450634,34.541687,0.2950009,0.07247592,0.24269079,-0.02370749,-0.5355837,0.19787364,0.60602516,33.125164,0.2973919,14.072675,0.93108183,-4.110976,-4.002173,-19.930136,-0.54637545,-14.0426855,23.097101,0.056570373,-0.0053614443,0.06957784,4.20712,3.9473684,0.16583334,0.109655395,0.06583333,0.032776598,-27.638514,601.333333,604.433333,disengaged
77,41.882496,0.05309473,40.315693,41.668747,43.136227,2.8205338,120.11895,169.32399,53.609055,110.26884,0.17629647,0.9570211,0.0067787427,0.13843808,0.33578467,0.32900593,2.5056963,1.8015096,1.6619738,0.932919,0.035919767,1.4521238,15.187005,1.1681474,8.445793,1.1346161,-2.7559416,-4.06998,-21.50874,-1.067135,0.007841856,2.169865,0.5430739,1.4378422,14.766357,0.22223121,16.902512,0.6220911,33.661766,0.31061086,823.5862,0.14788061,1219.9893,0.1462623,-103.60599,-0.85924566,1987.9009,0.08703097,1016.5955,0.26029876,-111.81871,-0.6965256,3027.9504,0.056020033,899.028,0.35077697,-112.32545,-0.68964505,-25.641518,-0.34594908,35.37129,0.28994042,0.06433373,0.30967373,-0.029162375,-0.5319122,0.057601746,0.9910169,28.034496,0.33760852,11.32537,0.8960409,-6.014229,-1.897003,-37.335682,-0.3921548,-3.0308495,11.526489,0.03599949,0.02064583,0.008730356,2.0771513,1.2890432,0.4203846,0.36711434,0.30857143,0.49333927,-33.3352,604.466667,624.7,engaged
78,43.312183,0.07315805,40.667133,43.742786,45.97071,5.3035774,294.46127,124.9542,54.590763,63.41847,0.20784463,0.8130184,0.0487266,0.21830767,0.29336995,0.24464335,2.0124762,0.9918945,1.5722295,0.8252356,0.051860705,1.4643687,17.41055,1.026166,5.805094,1.5566833,-8.843116,-1.2801803,-33.141464,-0.6484756,0.021951154,2.846459,0.8569731,1.4567461,14.373247,0.2855936,22.2282,0.3965453,34.47396,0.24251978,804.8732,0.13602953,1142.4918,0.16596183,-72.31067,-1.2345809,1987.1456,0.07705262,912.9971,0.26039267,-88.0536,-0.83180946,3018.5854,0.064043626,797.13055,0.28368783,-87.91898,-0.83451086,-22.466784,-0.31286442,31.50794,0.27572682,0.085135594,0.27091163,-0.024056518,-0.5993556,0.07106149,1.2052338,25.901306,0.37559316,3.7072873,2.2097282,-12.813648,-0.80974627,-43.82378,-0.32577914,-2.4481337,10.069034,0.053956572,-0.00051084993,0.013059855,1.9138757,1.9704434,0.33249998,0.09148087,0.145,0.07889867,-31.555662,624.733333,626.833333,disengaged
79,41.971176,0.05199499,40.349876,42.093582,43.197693,2.8478165,37.674744,71.55116,101.47094,278.57535,0.20141833,0.7753535,0.035768762,0.19079293,0.34519395,0.30942518,2.9622047,2.0539615,1.6050129,1.2470423,0.038502473,1.2161778,14.69017,1.2376245,11.879623,0.8925407,-3.5558522,-3.1463046,-31.75821,-0.64527035,0.0070971744,1.6692637,0.56074035,1.4254165,14.823227,0.19856717,19.135445,0.5317936,32.294823,0.32059604,815.716,0.14343502,1192.2578,0.16781212,-88.83615,-0.9855656,1998.6235,0.0885206,987.4179,0.29034394,-99.32595,-0.7571829,3009.6948,0.055074524,839.45135,0.3765402,-97.80486,-0.7792645,-24.363077,-0.37669417,32.597874,0.3294446,0.068530336,0.2554071,-0.02931798,-0.47923848,0.05373569,0.92646563,25.234549,0.3879321,14.000681,0.73912656,-5.549072,-2.077779,-42.642643,-0.32556492,-1.5949041,9.119948,0.045641378,0.009034491,0.011757881,2.5269644,1.5436864,0.40119997,0.27760866,0.24,0.32530183,-33.21402,626.866667,659.333333,engaged
80,35.95339,0.07438219,34.17366,35.80597,37.406338,3.2326775,295.77228,297.42133,7.9940796,20.742098,0.19694503,1.042367,0.0145869395,0.12462762,0.34180072,0.3272138,4.343448,2.7635608,2.8904922,2.3104923,0.086112544,1.2479565,15.4586115,1.3707067,11.966614,1.0540211,-4.423541,-3.311302,-3.412366,-4.875319,0.022626435,1.881902,1.4096956,0.8265882,8.394755,0.42291483,7.845786,1.5890864,35.45914,0.32259053,701.3585,0.27080044,1375.4944,0.1513879,-120.75283,-0.74801755,1795.6731,0.14234345,1125.4081,0.27852273,-122.683495,-0.666332,2913.2832,0.09890494,1063.2241,0.28596047,-126.2395,-0.61589885,-19.433807,-0.5531522,32.047607,0.32732636,0.061708983,0.34991676,-0.019110428,-0.9366073,0.14896394,0.74734175,31.221767,0.3742049,13.026862,0.9991698,-4.8642917,-3.462061,-15.40073,-0.8748834,-6.34746,15.7450285,0.027185414,0.017641123,0.031459946,3.4170854,3.1344795,0.13451612,0.14470969,0.18178572,0.23191829,-31.81773,659.366667,669.333333,disengaged
81,35.797825,0.035566635,34.790176,35.362698,36.679333,1.8891563,61.905594,83.587715,13.605848,6.5109196,0.30723223,0.5788934,0.13208395,0.33850905,0.43781903,0.30573508,4.393907,1.3483956,2.4186957,1.0086297,0.12572621,0.79448277,27.435081,0.68137354,15.396284,0.89530706,-8.857306,-1.403737,-8.891775,-1.3102202,0.013320221,0.73165995,1.0072523,0.65265864,8.764503,0.33137122,10.705786,0.6518549,40.620613,0.24365869,833.66235,0.18757778,1299.7319,0.1328994,-75.1961,-1.115307,1965.5189,0.11651533,1176.175,0.25453278,-85.78651,-0.85971797,3075.8503,0.07402975,1091.5366,0.19205546,-91.360214,-0.76647705,-20.683872,-0.47578388,36.162914,0.25361016,0.07184832,0.16785553,-0.022584163,-0.5296883,0.16799404,0.5596094,38.000214,0.20980425,14.48718,0.9991182,-8.159572,-1.4301,-14.130011,-0.64129806,-7.8555818,14.427717,0.038649373,0.0055966275,0.030914562,3.4285715,2.3529413,0.285,0.2404683,0.12,0.094074436,-29.142834,669.366667,671.133333,engaged
82,36.263783,0.06532043,34.85436,35.933086,37.678894,2.8245354,187.26414,130.63089,14.984993,5.2470436,0.24522683,0.9856356,0.006424449,0.17132199,0.441006,0.43458155,4.783835,2.5084784,3.5468843,1.6264509,0.11624514,1.102692,22.093166,0.85115093,9.851734,1.3357038,-3.125811,-4.551944,-8.514385,-1.7524774,0.029338708,2.8051727,1.2225255,0.73637265,8.635257,0.39447057,7.8314595,1.5242671,34.63837,0.33090767,709.35455,0.28185934,1404.2705,0.16131127,-105.71324,-0.85221225,1792.55,0.14863686,1181.7743,0.21512869,-107.27726,-0.763515,2901.5618,0.091482244,1101.2858,0.21869381,-111.85646,-0.69121796,-19.20746,-0.57732284,33.1494,0.29808182,0.07012113,0.23797485,-0.01764686,-0.8978078,0.18742445,0.6711698,33.484486,0.2933761,10.4622,1.4817185,-6.0512953,-2.7688491,-17.161726,-0.70437735,-9.904902,20.0544,0.031748418,0.018229404,0.03411584,3.410853,2.9687502,0.1731579,0.11589708,0.16875,0.2903419,-29.380732,671.166667,677.633333,disengaged
83,41.553577,0.06316784,39.700478,41.981674,43.229908,3.5294304,15.924479,25.885092,13.406208,8.894053,0.09632766,1.2983512,0.004484652,0.009350989,0.22802866,0.223544,2.2767167,1.433288,1.2961767,1.0443716,0.01923674,1.791945,7.477209,2.4774916,10.273216,0.85802233,1.0729162,9.6741,-11.166198,-1.8249402,0.009808361,2.728352,0.63562495,1.5300621,14.671633,0.22784482,19.66293,0.47378176,34.693157,0.27916333,830.40796,0.15571006,1290.5752,0.19430314,-142.90907,-0.5698945,1948.7633,0.09970753,1111.2452,0.24543439,-145.14171,-0.5074018,3024.3071,0.056220565,928.37354,0.31496596,-145.6137,-0.5001435,-27.281712,-0.30661348,38.40833,0.22990912,0.06377702,0.3300558,-0.022420079,-0.68769085,0.04855637,0.8860896,29.120834,0.32227874,16.06179,0.54420173,-3.067466,-4.506651,-33.63448,-0.46887878,-1.5741996,10.131825,0.029636716,0.034869626,0.0029118087,1.2717253,0.8920986,0.38904762,0.33528817,0.64652175,1.21162,-35.87338,677.666667,701.266667,engaged
84,37.976425,0.11213883,35.47025,38.485165,40.65951,5.1892624,244.28558,369.7907,108.12534,310.83212,0.1220381,1.4880887,0.005001192,0.008511037,0.25053507,0.24553388,3.7817667,2.5675864,2.7701826,1.9717914,0.04273503,1.9315411,8.3175745,2.2605286,9.416825,1.0340993,-1.5303669,-7.3233356,-8.927167,-2.0041246,0.019245246,2.4097826,0.9584751,1.0441622,11.10066,0.36976415,9.866868,1.2558377,34.46679,0.33309597,774.03064,0.20743085,1331.5587,0.16630977,-145.52892,-0.5770249,1892.1349,0.11580307,1129.9594,0.26270002,-147.9676,-0.51398736,2987.1013,0.07210987,949.5519,0.31956422,-149.17992,-0.49686056,-22.263142,-0.46010754,33.82231,0.29722345,0.06929295,0.28520942,-0.026042465,-0.633259,0.11659498,0.92194086,30.443483,0.33622453,13.705256,0.92670757,-5.231667,-3.0057254,-27.207893,-0.63499016,-3.2525616,12.393083,0.032571852,0.030846367,0.008384196,1.5710096,1.201369,0.255,0.20213829,0.59453416,2.3060765,-33.50078,701.3,844.533333,disengaged
